plot,Spp,dist,azim,ht,crown w1,crown w2,crown area,herb cover,# planted
1.1.1,AMUT,3.2,157,2,25,25,625,,
1.1.1,PIPO,1.5,190,2,14,14,196,,
1.1.1,PIMO,2.2,243,1,12,13,156.25,,
1.1.1,ABCO,2.1,242,1,15,12,182.25,,
1.1.1,ABCO,3.8,253,1,25,20,506.25,,
1.1.1,PSME,4,252,1,15,14,210.25,,
1.1.1,ABCO,3.4,262,1,35,35,1225,,
1.1.1,AMUT,3.4,269,1,40,40,1600,,
1.1.1,ABCO,3.6,269,1,25,20,506.25,,
1.1.1,RIRO,3.8,269,1,25,25,625,,
1.1.1,AMUT,4,271,1,30,35,1056.25,,
1.1.1,PIMO,3,290,1,12,12,144,,
1.1.1,ABCO,3.8,305,3,50,45,2256.25,,
1.1.1,PSME,0.6,346,2,35,25,900,,
1.1.1,AMUT,3.3,355,3,55,120,7656.25,,
1.1.1,PSME,0.8,52,2,40,45,1806.25,,
1.1.1,gram,,,,,,0,1,
1.1.1,forb,,,,,,0,1,
1.1.2,QUCH,2,306,4,85,80,6806.25,,
1.1.2,PSME,3.2,304,4,110,90,10000,,
1.1.2,QUKE,3.4,321,1,25,25,625,,
1.1.2,PIMO,4.1,306,3,70,55,3906.25,,
1.1.2,CADE,4,317,3,55,35,2025,,
1.1.2,QUKE,3.1,248,1,15,15,225,,
1.1.2,PSME,3.2,240,1,8,6,49,,
1.1.2,QUCH,2.8,123,1,15,12,182.25,,
1.1.2,forb,,,,,,0,1,
1.1.2,gram,,,,,,0,1,
1.1.3,ABCO,0.6,104,3,75,50,3906.25,,
1.1.3,ABCO,3.1,125,4,140,80,12100,,
1.1.3,ABCO,3.7,125,3,40,60,2500,,
1.1.3,ABCO,3.1,214,3,60,90,5625,,
1.1.3,QUKE,3.1,206,1,10,10,100,,
1.1.3,QUKE,3.7,208,1,15,10,156.25,,
1.1.3,forb,,,,,,0,0,
1.1.3,gram,,,,,,0,0,
1.1.4,RHPU,3.3,160,3,60,80,4900,,
1.1.4,RHPU,2.6,172,2,60,70,4225,,
1.1.4,RHPU,0.7,20,1,20,10,225,,
1.1.4,QUKE,2,246,1,10,5,56.25,,
1.1.4,SYMO,3.8,220,1,5,10,56.25,,
1.1.4,QUKE,3.8,220,1,10,10,100,,
1.1.4,RHPU,4.1,220,3,80,90,7225,,
1.1.4,QUKE,3.8,228,1,15,10,156.25,,
1.1.4,RHPU,3.2,255,3,40,20,900,,
1.1.4,RHPU,3.2,260,4,40,60,2500,,
1.1.4,SYMO,3.4,260,1,5,5,25,,
1.1.4,RHPU,3.3,265,4,80,90,7225,,
1.1.4,RHPU,4,261,1,20,40,900,,
1.1.4,SYMO,3.8,267,1,5,10,56.25,,
1.1.4,SYMO,3.9,270,1,20,10,225,,
1.1.4,CHSE,3,278,2,15,15,225,,
1.1.4,RHPU,2.6,278,4,120,80,10000,,
1.1.4,QUKE,3.3,278,1,10,15,156.25,,
1.1.4,CHSE,3.2,284,2,15,10,156.25,,
1.1.4,QUKE,3.2,284,2,20,20,400,,
1.1.4,QUKE,3.2,284,1,10,12,121,,
1.1.4,QUKE,3,286,2,20,10,225,,
1.1.4,QUKE,3,287,1,10,10,100,,
1.1.4,RHPU,3.2,300,3,70,70,4900,,
1.1.4,QUKE,3,300,1,5,5,25,,
1.1.4,QUKE,4,305,1,10,15,156.25,,
1.1.4,RHPU,3.6,313,1,20,15,306.25,,
1.1.4,SYMO,3.7,315,1,5,10,56.25,,
1.1.4,RHPU,4,327,3,50,100,5625,,
1.1.4,SYMO,3.4,333,2,50,40,2025,,
1.1.4,SYMO,2.8,333,1,15,15,225,,
1.1.4,QUKE,3,333,1,10,10,100,,
1.1.4,RHPU,3.5,340,3,170,80,15625,,
1.1.4,NODE,3.7,344,1,10,15,156.25,,
1.1.4,SYMO,3.9,340,1,15,10,156.25,,
1.1.4,RHPU,1.8,333,2,50,30,1600,,
1.1.4,QUKE,2.4,340,1,9,14,132.25,,
1.1.4,RHPU,1.9,347,1,15,20,306.25,,
1.1.4,RHPU,1.6,350,1,10,10,100,,
1.1.4,QUKE,1.4,353,1,10,5,56.25,,
1.1.4,SYMO,2.4,8,1,3,5,16,,
1.1.4,QUKE,3.2,8,2,10,20,225,,
1.1.4,QUKE,3.7,6,1,3,10,42.25,,
1.1.4,RHPU,3.7,3,4,10,40,625,,
1.1.4,RHPU,3,25,3,95,110,10506.25,,
1.1.4,QUKE,2.6,32,1,6,10,64,,
1.1.4,RHPU,2.8,43,1,15,20,306.25,,
1.1.4,QUKE,3.4,25,1,10,5,56.25,,
1.1.4,QUKE,3.9,25,1,7,11,81,,
1.1.4,RHPU,4,66,1,20,25,506.25,,
1.1.4,QUKE,3.6,66,1,5,5,25,,
1.1.4,RHPU,3.6,81,1,20,15,306.25,,
1.1.4,QUKE,3.5,81,1,4,5,20.25,,
1.1.4,QUKE,3.3,83,1,10,10,100,,
1.1.4,QUKE,1.7,81,1,15,5,100,,
1.1.4,QUKE,1.8,80,1,10,10,100,,
1.1.4,RHPU,2.7,100,1,15,25,400,,
1.1.4,SYMO,3.1,100,1,10,10,100,,
1.1.4,SYMO,3.9,100,1,35,30,1056.25,,
1.1.4,ABCO,3.3,103,2,30,25,756.25,,
1.1.4,QUKE,3.4,112,1,2,5,12.25,,
1.1.4,ABCO,3.6,115,1,10,10,100,,
1.1.4,gram,,,,,,0,0,
1.1.4,forb,,,,,,0,0,
1.2.1,SYMO,0.8,50,1,40,30,1225,,
1.2.1,CONU,2.9,2.9,5,500,510,255025,,
1.2.1,RIRO,3.9,244,2,70,80,5625,,
1.2.1,forb,,,,,,0,2,
1.2.1,gram,,,,,,0,1,
1.2.2,,,,,,,0,,
1.2.2,gram,,,,,,0,1,
1.2.2,forbs,,,,,,0,1,
1.2.3,QUKE,3,289,2,30,50,1600,,
1.2.3,forb,,,,,,0,0,
1.2.3,gram,,,,,,0,0,
1.2.4,QUKE,4.1,360,1,13,16,210.25,,
1.2.4,RIRO,3.5,360,1,6,5,30.25,,
1.2.4,QUKE,2.6,360,1,20,30,625,,
1.2.4,QUKE,2.6,5,1,22,40,961,,
1.2.4,QUKE,2.7,35,2,30,26,784,,
1.2.4,QUKE,2.1,22,1,16,12,196,,
1.2.4,QUKE,1.5,23,1,12,14,169,,
1.2.4,QUKE,0.7,13,1,20,35,756.25,,
1.2.4,QUKE,1,48,1,20,14,289,,
1.2.4,QUKE,2.8,45,1,22,15,342.25,,
1.2.4,CECO,3.7,58,3,160,234,38809,,
1.2.4,QUKE,1.7,69,1,10,12,121,,
1.2.4,QUKE,1.5,73,1,22,20,441,,
1.2.4,QUKE,1.4,67,1,12,10,121,,
1.2.4,QUKE,1.9,95,1,18,18,324,,
1.2.4,QUKE,1.9,92,1,21,10,240.25,,
1.2.4,QUKE,1.5,92,1,11,20,240.25,,
1.2.4,QUKE,3.7,84,1,15,12,182.25,,
1.2.4,CECO,3.4,78,2,90,50,4900,,
1.2.4,QUKE,3.3,73,1,15,18,272.25,,
1.2.4,QUKE,2.9,73,1,11,18,210.25,,
1.2.4,QUKE,2.5,73,1,25,22,552.25,,
1.2.4,QUKE,2.9,112,1,17,16,272.25,,
1.2.4,QUKE,5.2,148,1,15,20,306.25,,
1.2.4,QUKE,2.3,137,1,18,15,272.25,,
1.2.4,QUKE,1.8,148,1,20,10,225,,
1.2.4,QUKE,1.8,135,1,10,10,100,,
1.2.4,QUKE,1.3,126,1,14,16,225,,
1.2.4,QUKE,1.6,153,1,20,25,506.25,,
1.2.4,QUKE,0.4,164,1,20,18,361,,
1.2.4,QUKE,4,189,1,8,12,100,,
1.2.4,QUKE,4.1,191,1,15,20,306.25,,
1.2.4,CECO,4,212,3,270,234,63504,,
1.2.4,QUKE,3.8,246,1,35,22,812.25,,
1.2.4,QUKE,3.7,260,1,13,15,196,,
1.2.4,CECO,3.1,290,2,100,115,11556.25,,
1.2.4,QUKE,1.9,267,1,20,17,342.25,,
1.2.4,QUKE,1.3,283,1,11,10,110.25,,
1.2.4,CECO,2.7,304,1,2,4,9,,
1.2.4,QUKE,1.5,315,1,30,27,812.25,,
1.2.4,QUKE,1.2,345,1,25,15,400,,
1.2.4,CECO,1.3,345,1,95,50,5256.25,,
1.2.4,QUKE,2.5,330,1,20,10,225,,
1.2.4,QUKE,2.6,330,1,10,12,121,,
1.2.4,CECO,2.6,333,1,65,65,4225,,
1.2.4,ARPA,3.3,326,1,5,12,72.25,,
1.2.4,QUKE,3.7,326,2,216,150,33489,,
1.2.4,CECO,4.1,348,3,150,180,27225,,
1.2.4,ARPA,3.9,5,1,7,5,36,,
1.2.4,ARPA,3.8,5,1,5,5,25,,
1.2.4,CECO,3.1,3,1,20,5,156.25,,
1.2.4,forb,,,,,,0,1,
1.2.4,gram,,,,,,0,1,
1.2.5,CEIN,3.3,4,1,30,30,900,,
1.2.5,CEIN,3.4,19,2,7,40,552.25,,
1.2.5,CEIN,1.8,10,1,11,6,72.25,,
1.2.5,CEIN,3.9,20,1,8,10,81,,
1.2.5,CEIN,4,23,1,10,20,225,,
1.2.5,RIRO,1.8,39,1,3,3,9,,
1.2.5,CEIN,1.4,5,1,3,3,9,,
1.2.5,CECO,3.1,6,1,8,6,49,,
1.2.5,CEPR,3.6,27,1,4,5,20.25,,
1.2.5,CEIN,1.1,15,1,3,4,12.25,,
1.2.5,CEIN,2.7,82,1,22,17,380.25,,
1.2.5,CEIN,2.7,63,1,12,15,182.25,,
1.2.5,CEIN,1.1,71,1,8,8,64,,
1.2.5,RIRO,1.4,101,1,3,5,16,,
1.2.5,CEIN,2.8,104,1,12,12,144,,
1.2.5,CEIN,2.7,107,1,14,15,210.25,,
1.2.5,ARPA,3.5,113,1,6,8,49,,
1.2.5,RIRO,3.5,115,1,5,6,30.25,,
1.2.5,CEIN,3.6,115,1,12,17,210.25,,
1.2.5,RIRO,3.6,117,1,3,3,9,,
1.2.5,RIRO,3.6,120,1,5,5,25,,
1.2.5,CEIN,3.8,117,1,17,20,342.25,,
1.2.5,CEIN,3.1,121,1,14,12,169,,
1.2.5,RIRO,3.7,136,1,3,6,20.25,,
1.2.5,ARPA,4,140,1,5,8,42.25,,
1.2.5,CEIN,3.1,142,1,17,22,380.25,,
1.2.5,CEIN,1,151,1,9,20,210.25,,
1.2.5,RIRO,3.1,184,1,3,4,12.25,,
1.2.5,ARPA,3.3,196,1,4,4,16,,
1.2.5,ARPA,3.1,191,1,5,3,16,,
1.2.5,RIRO,2.7,191,1,8,8,64,,
1.2.5,CEIN,0.1,216,1,7,10,72.25,,
1.2.5,ARPA,0.4,220,1,3,5,16,,
1.2.5,CEIN,2.2,255,1,5,4,20.25,,
1.2.5,ARPA,1.2,255,1,4,6,25,,
1.2.5,CEIN,2,260,1,12,14,169,,
1.2.5,ARPA,0.4,292,1,4,6,25,,
1.2.5,CEPR,3,0,1,8,13,110.25,,
1.2.5,gram,,,,,,0,1,
1.2.5,forb,,,,,,0,1,
1.2.6,SYMO,1.7,180,1,45,30,1406.25,,
1.2.6,SYMO,1.4,153,1,12,8,100,,
1.2.6,SYMO,2.1,164,1,8,10,81,,
1.2.6,SYMO,3.9,166,1,25,25,625,,
1.2.6,SYMO,3.1,170,1,20,20,400,,
1.2.6,CEIN,2.3,222,1,12,15,182.25,,
1.2.6,CEIN,3.1,31,1,10,8,81,,
1.2.6,SYMO,4.1,123,1,25,25,625,,
1.2.6,forb,,,,,,0,0,
1.2.6,gram,,,,,,0,0,
1.3.1,CEIN,0.7,281,1,50,20,1225,,
1.3.1,CEIN,1.6,273,1,25,30,756.25,,
1.3.1,CEIN,1.9,269,1,40,50,2025,,
1.3.1,CEIN,2.7,275,2,80,70,5625,,
1.3.1,CEIN,2.7,270,3,85,60,5256.25,,
1.3.1,CEIN,3.6,269,3,90,80,7225,,
1.3.1,CEIN,3.3,250,2,60,55,3306.25,,
1.3.1,CEIN,2.7,250,1,20,5,156.25,,
1.3.1,RIRO,2.8,245,1,10,15,156.25,,
1.3.1,RIRO,2.6,243,1,10,15,156.25,,
1.3.1,CEIN,2.5,235,1,10,20,225,,
1.3.1,CEIN,2.8,235,1,30,15,506.25,,
1.3.1,CEIN,4,240,2,50,30,1600,,
1.3.1,CEIN,3.2,200,3,85,75,6400,,
1.3.1,RIRO,3.6,172,1,5,5,25,,
1.3.1,CEIN,2.2,185,1,10,30,400,,
1.3.1,CEIN,3.9,151,1,10,20,225,,
1.3.1,CEIN,4,143,1,10,30,400,,
1.3.1,CEIN,4,141,1,10,30,400,,
1.3.1,CEIN,4,140,1,10,30,400,,
1.3.1,RIRO,3.6,130,1,10,10,100,,
1.3.1,CEIN,3.1,130,1,10,10,100,,
1.3.1,CEIN,4,130,1,5,8,42.25,,
1.3.1,CEIN,0.8,135,1,15,20,306.25,,
1.3.1,QUKE,3,105,1,25,20,506.25,,
1.3.1,QUKE,2.5,100,1,5,10,56.25,,
1.3.1,PILA,3.6,105,1,5,5,25,,
1.3.1,CEIN,3.3,95,2,120,80,10000,,
1.3.1,QUKE,3.4,90,1,12,14,169,,
1.3.1,ABCO,3.6,80,3,55,35,2025,,
1.3.1,PILA,3.8,90,1,10,10,100,,
1.3.1,CEIN,3.6,72,1,4,3,12.25,,
1.3.1,ABCO,3.3,62,3,65,60,3906.25,,
1.3.1,CEIN,3.6,61,2,120,75,9506.25,,
1.3.1,ABCO,3.2,47,2,45,60,2756.25,,
1.3.1,CEIN,3.4,46,3,110,75,8556.25,,
1.3.1,CEIN,3.5,29,4,220,210,46225,,
1.3.1,ARPA,3.5,1,2,25,15,400,,
1.3.1,CEIN,2.4,354,1,10,40,625,,
1.3.1,CEIN,3,335,1,35,15,625,,
1.3.1,CEIN,1.8,335,1,10,5,56.25,,
1.3.1,CEIN,1.9,324,2,50,40,2025,,
1.3.1,CEIN,3,324,2,40,30,1225,,
1.3.1,RIRO,1.6,314,1,10,15,156.25,,
1.3.1,CEIN,1.3,314,1,15,15,225,,
1.3.1,CEIN,1,295,1,40,30,1225,,
1.3.1,CEIN,2.7,295,1,5,5,25,,
1.3.1,CEIN,3.3,300,1,45,30,1406.25,,
1.3.1,CEIN,3.2,310,2,20,30,625,,
1.3.1,gram,,,,,,0,1,
1.3.1,forb,,,,,,0,1,
1.3.2,CEIN,3.5,270,2,17,27,484,,
1.3.2,CEIN,3.9,283,1,8,12,100,,
1.3.2,CEIN,3.9,288,1,20,30,625,,
1.3.2,CEIN,4.1,290,1,10,25,306.25,,
1.3.2,CEIN,4.1,293,1,20,25,506.25,,
1.3.2,CEIN,3.5,288,1,17,25,441,,
1.3.2,CEIN,3.3,287,1,8,12,100,,
1.3.2,CEIN,3.9,296,1,20,40,900,,
1.3.2,CEIN,3.6,302,2,25,40,1056.25,,
1.3.2,CEIN,3.8,305,1,10,30,400,,
1.3.2,CEIN,2.9,302,1,8,12,100,,
1.3.2,CEIN,3,302,1,8,15,132.25,,
1.3.2,CEIN,2.9,302,1,10,12,121,,
1.3.2,CEIN,2.7,300,1,15,20,306.25,,
1.3.2,CEIN,2.5,297,1,10,15,156.25,,
1.3.2,CEIN,2.8,301,1,15,20,306.25,,
1.3.2,CEIN,3.1,301,1,10,12,121,,
1.3.2,CEIN,3.1,305,1,15,15,225,,
1.3.2,CEIN,3,306,1,15,10,156.25,,
1.3.2,CEIN,3.5,308,1,30,30,900,,
1.3.2,CEIN,3.6,314,1,10,20,225,,
1.3.2,CEIN,3,314,1,12,15,182.25,,
1.3.2,CEIN,3.1,315,1,10,10,100,,
1.3.2,CEIN,3.5,319,1,12,15,182.25,,
1.3.2,CEIN,3.8,320,1,12,15,182.25,,
1.3.2,CEIN,4.1,320,1,15,15,225,,
1.3.2,CEIN,4,323,2,40,35,1406.25,,
1.3.2,CEIN,3.7,323,1,35,45,1600,,
1.3.2,CEIN,3.2,328,1,8,12,100,,
1.3.2,CEIN,3.1,327,1,20,12,256,,
1.3.2,CEIN,3,327,1,12,15,182.25,,
1.3.2,CEIN,2.7,326,1,10,10,100,,
1.3.2,CEIN,2.7,327,1,4,8,36,,
1.3.2,CEIN,2.3,328,1,10,10,100,,
1.3.2,CEIN,2.7,328,1,6,6,36,,
1.3.2,CEIN,2.9,330,1,10,14,144,,
1.3.2,CEIN,3.2,330,1,6,10,64,,
1.3.2,CEIN,3.7,336,2,35,30,1056.25,,
1.3.2,CEIN,3,336,1,15,20,306.25,,
1.3.2,CEIN,3.2,336,1,12,20,256,,
1.3.2,CEIN,2.1,336,1,12,15,182.25,,
1.3.2,CEIN,1.9,340,1,12,14,169,,
1.3.2,CEIN,1.8,344,1,35,30,1056.25,,
1.3.2,CEIN,3.6,341,2,40,15,756.25,,
1.3.2,CEIN,3.5,342,2,55,30,1806.25,,
1.3.2,CEIN,3,2,1,40,30,1225,,
1.3.2,CEIN,4,359,1,35,40,1406.25,,
1.3.2,CEIN,0.4,13,2,40,30,1225,,
1.3.2,CEIN,2.4,13,1,25,20,506.25,,
1.3.2,CEIN,2.4,16,1,40,40,1600,,
1.3.2,CEIN,3.5,54,1,25,30,756.25,,
1.3.2,CEIN,2,53,1,8,12,100,,
1.3.2,CEIN,3.3,65,1,12,15,182.25,,
1.3.2,CEIN,2.9,67,2,12,20,256,,
1.3.2,CEIN,4,67,1,15,25,400,,
1.3.2,CEIN,3.8,70,1,15,15,225,,
1.3.2,CEIN,2.5,125,1,8,12,100,,
1.3.2,CEIN,3.7,146,1,12,20,256,,
1.3.2,forb,,,,,,0,1,
1.3.2,gram,,,,,,0,0,
1.3.3,CEIN,3.8,164,3,27,22,600.25,,
1.3.3,CEIN,1.7,111,1,6,8,49,,
1.3.3,CEIN,4,184,1,6,8,49,,
1.3.3,CEIN,2.8,310,1,3,2,6.25,,
1.3.3,CEIN,3.9,55,1,20,25,506.25,,
1.3.3,forb,,,,,,0,0,
1.3.3,gram,,,,,,0,0,
1.3.4,CEIN,1.7,263,1,20,10,225,,
1.3.4,CEIN,0.9,273,2,35,40,1406.25,,
1.3.4,CEIN,1.8,276,1,30,25,756.25,,
1.3.4,CEIN,2.5,288,1,18,10,196,,
1.3.4,CEIN,3,287,2,35,45,1600,,
1.3.4,CEIN,3.9,299,2,70,50,3600,,
1.3.4,CEIN,2.9,299,1,90,30,3600,,
1.3.4,CEIN,1.4,311,3,45,35,1600,,
1.3.4,CEIN,2.6,311,2,60,50,3025,,
1.3.4,CEIN,3.4,313,2,80,70,5625,,
1.3.4,CEIN,2.3,314,2,12,18,225,,
1.3.4,CEIN,2.6,320,1,18,8,169,,
1.3.4,CEIN,2.9,329,1,10,8,81,,
1.3.4,CEIN,2.5,330,2,18,30,576,,
1.3.4,CEIN,2.8,330,2,18,30,576,,
1.3.4,CEIN,3.2,332,2,25,25,625,,
1.3.4,CEIN,3.3,332,1,10,25,306.25,,
1.3.4,CEIN,3.8,333,1,35,20,756.25,,
1.3.4,CEIN,4,334,2,12,8,100,,
1.3.4,CEIN,3.9,349,2,65,50,3306.25,,
1.3.4,CEIN,4.1,1,2,70,80,5625,,
1.3.4,CEIN,3.3,3,2,30,20,625,,
1.3.4,CEIN,2.9,351,1,70,30,2500,,
1.3.4,CEIN,2.3,14,3,60,75,4556.25,,
1.3.4,CEIN,1.2,27,1,40,20,900,,
1.3.4,CEIN,0.8,27,1,12,30,441,,
1.3.4,CEIN,1.1,61,2,30,90,3600,,
1.3.4,CEIN,2.9,62,2,12,35,552.25,,
1.3.4,CEIN,2.3,77,2,65,60,3906.25,,
1.3.4,CEIN,1.8,80,2,12,10,121,,
1.3.4,CEIN,3.8,87,1,12,10,121,,
1.3.4,CEIN,2.6,102,1,10,25,306.25,,
1.3.4,CEIN,3.2,111,1,18,10,196,,
1.3.4,CEIN,3.3,120,1,8,12,100,,
1.3.4,CEIN,2.5,121,1,30,40,1225,,
1.3.4,CEIN,2.1,121,1,10,18,196,,
1.3.4,CEIN,1.1,121,2,15,30,506.25,,
1.3.4,CEIN,3.1,140,2,60,30,2025,,
1.3.4,CEIN,4.1,153,1,10,15,156.25,,
1.3.4,CEIN,3.8,164,1,10,30,400,,
1.3.4,CEIN,4,170,2,45,6,650.25,,
1.3.4,CEIN,3.5,177,2,30,40,1225,,
1.3.4,CEIN,2.1,172,1,25,20,506.25,,
1.3.4,CEIN,2,177,2,40,40,1600,,
1.3.4,forb,,,,,,0,2,
1.3.4,gram,,,,,,0,2,
1.3.5,CEIN,1.5,180,1,12,9,110.25,,
1.3.5,CEIN,1.4,190,2,20,25,506.25,,
1.3.5,CEIN,1,230,2,35,50,1806.25,,
1.3.5,CEIN,2.1,289,2,45,20,1056.25,,
1.3.5,CEIN,2.2,296,2,40,45,1806.25,,
1.3.5,CEIN,1.8,320,1,15,15,225,,
1.3.5,CEIN,2.6,320,2,30,15,506.25,,
1.3.5,CEIN,2.9,320,1,30,20,625,,
1.3.5,CEIN,3.9,311,1,30,15,506.25,,
1.3.5,CEIN,4,353,1,12,12,144,,
1.3.5,CEIN,3.7,8,1,15,20,306.25,,
1.3.5,CEIN,3.6,25,1,20,25,506.25,,
1.3.5,CEIN,3.1,26,1,10,12,121,,
1.3.5,CEIN,1.2,61,1,3,4,12.25,,
1.3.5,forb,,,,,,0,0,
1.3.5,gram,,,,,,0,0,
1.3.6,CEIN,1.2,113,3,100,130,13225,,
1.3.6,CEIN,2.8,111,2,30,25,756.25,,
1.3.6,CEIN,3.6,109,2,35,25,900,,
1.3.6,CEIN,1.3,148,2,20,18,361,,
1.3.6,CEIN,1.8,147,2,20,16,324,,
1.3.6,CEIN,2.4,148,2,35,20,756.25,,
1.3.6,CEIN,3.3,168,2,45,40,1806.25,,
1.3.6,CEIN,2.7,172,3,50,130,8100,,
1.3.6,CEIN,1.5,189,2,65,95,6400,,
1.3.6,CEIN,2.6,221,2,12,15,182.25,,
1.3.6,CEIN,1.3,260,3,60,40,2500,,
1.3.6,CEIN,2,272,1,25,30,756.25,,
1.3.6,CEIN,2.2,270,1,20,15,306.25,,
1.3.6,CEIN,2.2,280,1,20,20,400,,
1.3.6,CEIN,2.6,273,2,25,30,756.25,,
1.3.6,CEIN,2.9,271,2,20,20,400,,
1.3.6,CEIN,3.5,270,1,35,15,625,,
1.3.6,CEIN,4,280,2,35,60,2256.25,,
1.3.6,CEIN,3.6,287,3,40,55,2256.25,,
1.3.6,CEIN,2.1,287,3,90,40,4225,,
1.3.6,CEIN,3.9,300,2,95,55,5625,,
1.3.6,CEIN,2.8,320,1,35,45,1600,,
1.3.6,CEIN,3.2,320,1,35,20,756.25,,
1.3.6,CEIN,4,325,3,65,65,4225,,
1.3.6,CEIN,3.1,334,3,60,40,2500,,
1.3.6,CEIN,2.2,334,3,45,50,2256.25,,
1.3.6,CEIN,1.1,334,2,75,85,6400,,
1.3.6,CEIN,0.4,334,2,25,70,2256.25,,
1.3.6,CEIN,1.6,351,2,25,25,625,,
1.3.6,CEIN,2.6,344,2,70,65,4556.25,,
1.3.6,CEIN,2.5,1,1,20,16,324,,
1.3.6,CEIN,2.5,10,2,25,40,1056.25,,
1.3.6,CEIN,2,36,3,75,65,4900,,
1.3.6,QUGA,4,29,2,45,65,3025,,
1.3.6,forb,,,,,,0,1,
1.3.6,gram,,,,,,0,1,
1.4.1,CEIN,1.4,233,3,70,90,6400,,
1.4.1,CEIN,0.9,263,2,30,50,1600,,
1.4.1,CEIN,2.9,274,4,360,320,115600,,
1.4.1,CEIN,0.6,312,3,190,50,14400,,
1.4.1,CEIN,1.3,323,3,130,110,14400,,
1.4.1,CEIN,2.7,323,3,35,40,1406.25,,
1.4.1,CEIN,3.4,320,3,40,35,1406.25,,
1.4.1,CEIN,3.6,328,3,120,90,11025,,
1.4.1,CEIN,3.2,325,4,210,230,48400,,
1.4.1,CEIN,2,8,4,200,230,46225,,
1.4.1,CEIN,1.9,39,4,280,160,48400,,
1.4.1,CEIN,3.6,70,4,350,420,148225,,
1.4.1,CEIN,3.9,103,4,150,200,30625,,
1.4.1,CEIN,2.2,125,4,140,175,24806.25,,
1.4.1,CEIN,2,90,4,160,120,19600,,
1.4.1,CEIN,1.1,92,3,70,110,8100,,
1.4.1,CEIN,0.5,90,3,90,40,4225,,
1.4.1,CEIN,1.4,110,3,220,60,19600,,
1.4.1,CEIN,1.3,134,2,50,90,4900,,
1.4.1,CEIN,1.7,155,2,25,30,756.25,,
1.4.1,CEIN,1.8,152,2,17,25,441,,
1.4.1,CEIN,2.1,152,2,30,25,756.25,,
1.4.1,CEIN,2.1,154,2,30,25,756.25,,
1.4.1,CEIN,2.6,150,2,40,60,2500,,
1.4.1,CEIN,3.7,140,4,90,110,10000,,
1.4.1,CEIN,0.5,193,3,70,80,5625,,
1.4.1,CEIN,2.9,190,2,40,40,1600,,
1.4.1,CEIN,3.3,196,2,40,30,1225,,
1.4.1,forb,,,,,,0,0,
1.4.1,gram,,,,,,0,0,
1.4.2,CEIN,0.8,260,2,80,90,7225,,
1.4.2,CEIN,3.6,251,1,35,35,1225,,
1.4.2,RICE,4,253,1,35,30,1056.25,,
1.4.2,CEIN,3.3,329,3,65,85,5625,,
1.4.2,ARPA,3,329,3,95,95,9025,,
1.4.2,CEIN,3.6,344,2,45,55,2500,,
1.4.2,RICE,3.5,346,1,20,22,441,,
1.4.2,CEIN,2.9,359,4,220,210,46225,,
1.4.2,CEIN,3.9,25,1,25,30,756.25,,
1.4.2,CEIN,3.6,25,1,30,30,900,,
1.4.2,CEIN,2.5,95,3,130,160,21025,,
1.4.2,ARPA,3.3,131,2,50,55,2756.25,,
1.4.2,CEIN,1.8,162,4,160,170,27225,,
1.4.2,ARPA,2.7,173,1,22,25,552.25,,
1.4.2,RICE,2.9,175,1,15,17,256,,
1.4.2,ARPA,3.9,178,1,10,15,156.25,,
1.4.2,QUKE,2.8,209,4,135,110,15006.25,,
1.4.2,forb,,,,,,0,1,
1.4.2,gram,,,,,,0,2,
1.4.3,CEIN,1.1,173,2,35,55,2025,,
1.4.3,CEPR,1.2,183,1,85,130,11556.25,,
1.4.3,CEIN,1.1,192,2,25,30,756.25,,
1.4.3,CEIN,1.4,192,2,55,100,6006.25,,
1.4.3,CEIN,2.2,196,3,75,70,5256.25,,
1.4.3,CEIN,2.6,196,3,45,65,3025,,
1.4.3,CEPR,2.5,193,1,95,75,7225,,
1.4.3,CEIN,2,205,3,75,80,6006.25,,
1.4.3,CEIN,4,224,3,85,150,13806.25,,
1.4.3,CEIN,2.5,242,4,160,115,18906.25,,
1.4.3,CEPR,1.7,248,1,25,20,506.25,,
1.4.3,CEPR,1.1,247,1,30,30,900,,
1.4.3,CEPR,1.2,271,1,25,20,506.25,,
1.4.3,CEIN,1.1,271,3,110,160,18225,,
1.4.3,CEIN,2.9,252,4,120,120,14400,,
1.4.3,CEIN,2.1,271,3,110,110,12100,,
1.4.3,CEPR,2,273,1,30,30,900,,
1.4.3,CEIN,2.7,272,4,100,85,8556.25,,
1.4.3,CEIN,4,270,4,170,230,40000,,
1.4.3,CEIN,2.9,279,1,40,35,1406.25,,
1.4.3,CEIN,3.1,301,4,170,190,32400,,
1.4.3,CEPR,2.6,317,1,30,35,1056.25,,
1.4.3,CEIN,3.1,337,3,65,55,3600,,
1.4.3,CEIN,3.9,337,4,110,90,10000,,
1.4.3,CEIN,2.9,346,2,35,40,1406.25,,
1.4.3,CEIN,4,2,4,200,225,45156.25,,
1.4.3,CEIN,3.5,25,4,60,60,3600,,
1.4.3,CEIN,0.9,335,3,80,95,7656.25,,
1.4.3,CEIN,0.4,2,2,25,30,756.25,,
1.4.3,CEIN,2,6,4,130,180,24025,,
1.4.3,QUSH,2.7,33,4,160,160,25600,,
1.4.3,CEIN,3.3,40,4,40,105,5256.25,,
1.4.3,CEIN,3.4,51,4,70,65,4556.25,,
1.4.3,CEIN,3.4,57,4,110,120,13225,,
1.4.3,CEIN,2.6,57,4,65,90,6006.25,,
1.4.3,CEIN,1.7,57,4,100,120,12100,,
1.4.3,CEIN,0.8,63,2,35,40,1406.25,,
1.4.3,CEPR,1.1,63,1,30,45,1406.25,,
1.4.3,CEIN,1.9,73,1,30,35,1056.25,,
1.4.3,CEIN,3.5,76,4,260,120,36100,,
1.4.3,CEIN,3.4,84,4,240,120,32400,,
1.4.3,CEIN,2.1,85,4,130,140,18225,,
1.4.3,ARPA,1.9,83,3,65,75,4900,,
1.4.3,CEPR,0.7,95,1,45,50,2256.25,,
1.4.3,CEIN,0.7,93,2,25,35,900,,
1.4.3,CEIN,1.2,95,3,75,135,11025,,
1.4.3,CEIN,1.9,109,4,145,160,23256.25,,
1.4.3,CEIN,3.1,125,4,140,115,16256.25,,
1.4.3,QUKE,3.3,138,5,160,180,28900,,
1.4.3,CEIN,2.4,154,4,270,160,46225,,
1.4.3,CEIN,3,172,4,150,160,24025,,
1.4.3,CEPR,3,172,1,60,90,5625,,
1.4.3,CEIN,0.9,138,2,35,45,1600,,
1.4.3,CEIN,1.1,138,2,45,60,2756.25,,
1.4.3,forb,,,,,,0,1,
1.4.3,gram,,,,,,0,0,
1.4.4,CEIN,0.8,163,4,115,165,19600,,
1.4.4,CEIN,3,163,4,160,155,24806.25,,
1.4.4,CEIN,3,183,4,140,120,16900,,
1.4.4,CEIN,2.7,226,4,160,400,78400,,
1.4.4,CEIN,2.1,202,4,100,95,9506.25,,
1.4.4,CEIN,1.7,237,4,140,220,32400,,
1.4.4,CEIN,1.9,300,4,230,190,44100,,
1.4.4,CEIN,2.6,330,4,360,210,81225,,
1.4.4,CEIN,1.1,350,4,50,120,7225,,
1.4.4,CEIN,2.4,4,4,240,130,34225,,
1.4.4,CEIN,2.2,35,4,220,200,44100,,
1.4.4,CEIN,3.3,49,4,125,210,28056.25,,
1.4.4,CEIN,1.5,72,4,130,150,19600,,
1.4.4,CEIN,2.4,71,4,170,180,30625,,
1.4.4,CEIN,3.9,80,4,145,185,27225,,
1.4.4,CEIN,3.6,92,4,110,135,15006.25,,
1.4.4,CEIN,3,114,4,230,210,48400,,
1.4.4,CEIN,4,144,4,105,125,13225,,
1.4.4,gram,,,,,,0,0,
1.4.4,forb,,,,,,0,1,
1.4.5,CEIN,1,175,3,100,115,11556.25,,
1.4.5,CEIN,0.8,218,2,45,60,2756.25,,
1.4.5,CEIN,1.5,218,3,105,110,11556.25,,
1.4.5,CEIN,0.7,278,2,60,65,3906.25,,
1.4.5,CEIN,0.2,285,2,45,40,1806.25,,
1.4.5,CEIN,2.5,205,3,100,120,12100,,
1.4.5,CEIN,3.8,205,2,70,60,4225,,
1.4.5,CEIN,2.6,229,2,85,60,5256.25,,
1.4.5,CEIN,3.5,230,3,135,95,13225,,
1.4.5,CEIN,2.6,237,3,75,70,5256.25,,
1.4.5,CEIN,3.2,250,4,220,155,35156.25,,
1.4.5,CEIN,3.8,270,1,30,40,1225,,
1.4.5,CEIN,2.5,289,4,220,190,42025,,
1.4.5,CEIN,4,291,2,50,30,1600,,
1.4.5,CEIN,3.7,314,2,30,35,1056.25,,
1.4.5,CEIN,3.9,327,1,45,30,1406.25,,
1.4.5,CEIN,3.8,338,2,35,40,1406.25,,
1.4.5,CEIN,2.5,341,3,50,130,8100,,
1.4.5,CEIN,1.7,341,3,180,200,36100,,
1.4.5,CEIN,3.9,341,3,160,90,15625,,
1.4.5,CEIN,3.9,8,4,55,145,10000,,
1.4.5,CEIN,2.7,13,3,115,130,15006.25,,
1.4.5,CEIN,3.6,25,3,65,40,2756.25,,
1.4.5,CEIN,1.4,30,3,100,100,10000,,
1.4.5,CEIN,1.3,55,3,165,80,15006.25,,
1.4.5,CEIN,2.8,55,4,95,90,8556.25,,
1.4.5,CEIN,3.5,57,3,50,45,2256.25,,
1.4.5,CEIN,3.7,55,4,100,65,6806.25,,
1.4.5,CEIN,3.6,70,3,95,75,7225,,
1.4.5,CEIN,2.5,76,4,130,140,18225,,
1.4.5,CEIN,3.3,88,4,120,150,18225,,
1.4.5,CEIN,2.6,108,2,25,20,506.25,,
1.4.5,CEIN,0.9,107,2,45,65,3025,,
1.4.5,CEIN,1.4,107,2,40,80,3600,,
1.4.5,forb,,,,,,0,1,
1.4.5,gram,,,,,,0,0,
1.4.6,CEIN,2.1,178,2,45,40,1806.25,,
1.4.6,CEIN,3.3,180,4,145,100,15006.25,,
1.4.6,CEIN,2.2,182,3,55,65,3600,,
1.4.6,CEIN,2.4,193,3,60,80,4900,,
1.4.6,CEIN,2.9,193,3,55,65,3600,,
1.4.6,CEIN,3.3,199,2,55,45,2500,,
1.4.6,CEIN,2.7,219,4,18,175,9312.25,,
1.4.6,CEIN,3,230,3,90,80,7225,,
1.4.6,CEIN,4,230,4,160,120,19600,,
1.4.6,CEIN,3.6,224,3,75,65,4900,,
1.4.6,CEIN,3.2,249,2,55,45,2500,,
1.4.6,CEIN,2.3,256,3,85,90,7656.25,,
1.4.6,CEIN,1.9,265,3,85,75,6400,,
1.4.6,CEIN,3.1,265,4,95,150,15006.25,,
1.4.6,CEIN,4,275,3,65,80,5256.25,,
1.4.6,CEIN,3.5,279,3,55,50,2756.25,,
1.4.6,CEIN,3.1,283,3,60,75,4556.25,,
1.4.6,CEIN,2.6,283,3,75,55,4225,,
1.4.6,CEIN,4.1,283,3,60,90,5625,,
1.4.6,CEIN,3.4,299,2,35,55,2025,,
1.4.6,CEIN,4,309,3,100,115,11556.25,,
1.4.6,CEIN,2.6,305,2,40,45,1806.25,,
1.4.6,CEIN,3.7,332,3,85,75,6400,,
1.4.6,CEIN,3.4,342,4,130,100,13225,,
1.4.6,CEIN,2.2,341,4,80,75,6006.25,,
1.4.6,CEIN,3.4,356,3,90,100,9025,,
1.4.6,CEIN,2.5,356,3,85,85,7225,,
1.4.6,CEIN,1.8,22,4,160,175,28056.25,,
1.4.6,CEIN,3.1,17,3,105,90,9506.25,,
1.4.6,CEIN,3.3,23,2,70,65,4556.25,,
1.4.6,CEIN,2.9,36,3,95,70,6806.25,,
1.4.6,CEIN,2.6,66,3,100,100,10000,,
1.4.6,CEIN,3.3,78,2,85,90,7656.25,,
1.4.6,CEIN,2.7,86,2,110,120,13225,,
1.4.6,CEIN,2.1,113,3,90,85,7656.25,,
1.4.6,CEIN,2.1,97,2,45,45,2025,,
1.4.6,CEIN,1.6,86,2,45,65,3025,,
1.4.6,CEIN,1.2,81,2,75,40,3306.25,,
1.4.6,CEIN,2.6,128,2,65,75,4900,,
1.4.6,gram,,,,,,0,0,
1.4.6,forb,,,,,,0,0,
2.1.1,ABCO,1.4,180,2,40,40,1600,,
2.1.1,QUKE,1.3,262,1,20,20,400,,
2.1.1,ABCO,2.1,307,1,15,15,225,,
2.1.1,CEPR,1.7,333,1,100,100,10000,,
2.1.1,QUKE,3.8,32,1,10,15,156.25,,
2.1.1,ABCO,3.3,31,2,20,20,400,,
2.1.1,PSME,3.3,30,2,25,30,756.25,,
2.1.1,ABCO,3.8,46,2,45,40,1806.25,,
2.1.1,ABCO,2.9,62,2,30,30,900,,
2.1.1,PILA,3.9,62,1,15,15,225,,
2.1.1,ABCO,4.1,67,2,25,25,625,,
2.1.1,ABCO,1.6,73,2,32,27,870.25,,
2.1.1,PILA,3.5,67,1,5,5,25,,
2.1.1,ABCO,2.6,77,2,34,26,900,,
2.1.1,ABCO,2.6,85,2,28,24,676,,
2.1.1,CADE,3.9,117,2,20,25,506.25,,
2.1.1,ABCO,4.2,158,1,7,12,90.25,,
2.1.1,QUKE,1.6,359,1,5,5,25,,
2.1.1,GRAM,,,,,,0,2,
2.1.1,FORB,,,,,,0,1,
2.1.2,CEIN,1.8,199,3,60,150,11025,,
2.1.2,CEIN,2.5,219,2,30,60,2025,,
2.1.2,CEIN,2,255,3,70,130,10000,,
2.1.2,CEIN,2.7,284,3,70,130,10000,,
2.1.2,CEIN,3.5,313,4,160,250,42025,,
2.1.2,PIPO,1.7,22,5,130,130,16900,,
2.1.2,CATE,0.7,50,5,120,95,11556.25,,
2.1.2,PSME,3.6,124,2,15,25,400,,
2.1.2,gram,,,,,,0,2,
2.1.2,forb,,,,,,0,1,
2.1.3,ABCO,3.6,216,1,6,10,64,,
2.1.3,SYMO,3.7,333,1,14,5,90.25,,
2.1.3,SYMO,1.5,355,1,10,4,49,,
2.1.3,SYMO,1.6,350,1,8,5,42.25,,
2.1.3,SYMO,1,348,1,4,3,12.25,,
2.1.3,SYMO,4.2,102,1,20,15,306.25,,
2.1.3,PILA,3.9,192,1,5,5,25,,
2.1.3,forb,,,,,,0,1,
2.1.3,gram,,,,,,0,1,
2.1.4,QUKE,2.3,68,1,5,11,64,,
2.1.4,QUKE,3.1,59,1,10,12,121,,
2.1.4,QUKE,2,10,1,10,5,56.25,,
2.1.4,QUKE,4,13,1,8,6,49,,
2.1.4,QUKE,4,21,1,10,10,100,,
2.1.4,QUKE,4.1,350,1,15,11,169,,
2.1.4,ABCO,4.1,279,4,120,125,15006.25,,
2.1.4,QUKE,3.9,262,1,12,15,182.25,,
2.1.4,QUKE,4.2,265,1,12,10,121,,
2.1.4,QUKE,2.9,251,1,14,10,144,,
2.1.4,QUKE,3,186,1,10,5,56.25,,
2.1.4,QUKE,3.2,186,1,8,6,49,,
2.1.4,PILA,3.8,173,1,5,7,36,,
2.1.4,gram,,,,,,0,2,
2.1.4,forb,,,,,,0,0,
2.1.5,CEIN,2.7,220,4,135,150,20306.25,,
2.1.5,ABCO,2.4,16,1,17,20,342.25,,
2.1.5,PILA,3.9,44,1,10,12,121,,
2.1.5,PILA,3.7,72,1,12,14,169,,
2.1.5,PILA,2.6,70,1,12,12,144,,
2.1.5,ABCO,3.7,75,2,27,30,812.25,,
2.1.5,RIRO,2.4,75,2,55,80,4556.25,,
2.1.5,ABCO,2.1,75,2,30,35,1056.25,,
2.1.5,ABCO,0.9,60,2,35,25,900,,
2.1.5,PILA,0.4,114,2,45,50,2256.25,,
2.1.5,ABCO,3,88,3,45,65,3025,,
2.1.5,ABCO,3.2,88,3,40,55,2256.25,,
2.1.5,ABCO,3.6,88,2,25,30,756.25,,
2.1.5,ABCO,3.2,101,2,25,25,625,,
2.1.5,ABCO,2.9,104,1,25,35,900,,
2.1.5,CEIN,3.2,118,4,100,170,18225,,
2.1.5,ABCO,3.4,118,2,40,55,2256.25,,
2.1.5,PILA,3.5,122,1,25,30,756.25,,
2.1.5,ABCO,3.6,133,2,25,30,756.25,,
2.1.5,ABCO,3.4,137,1,22,35,812.25,,
2.1.5,PILA,1.6,151,1,10,12,121,,
2.1.5,ABCO,2.6,168,2,45,40,1806.25,,
2.1.5,gram,,,,,,0,1,
2.1.5,forb,,,,,,0,1,
2.1.6,RIRO,1.6,248,1,45,55,2500,,
2.1.6,RIRO,1.6,262,2,50,55,2756.25,,
2.1.6,PSME,1.5,285,1,15,15,225,,
2.1.6,RIRO,1.5,280,2,40,60,2500,,
2.1.6,RIRO,2.1,269,2,60,60,3600,,
2.1.6,ABCO,3.2,270,2,45,50,2256.25,,
2.1.6,RIRO,4,294,2,25,20,506.25,,
2.1.6,RIRO,3.5,303,2,60,80,4900,,
2.1.6,CEIN,2.6,303,4,260,220,57600,,
2.1.6,ABCO,1.7,302,1,30,30,900,,
2.1.6,RIRO,1.7,302,1,40,50,2025,,
2.1.6,PIMO,1.6,304,2,35,30,1056.25,,
2.1.6,CECO,2.6,320,1,60,60,3600,,
2.1.6,ABCO,2.7,320,2,45,40,1806.25,,
2.1.6,RIRO,3.6,320,1,10,6,64,,
2.1.6,RIRO,3.1,326,1,8,6,49,,
2.1.6,RIRO,2.2,326,1,15,8,132.25,,
2.1.6,RIRO,1.8,352,1,60,50,3025,,
2.1.6,RIRO,3.2,352,1,25,25,625,,
2.1.6,ABCO,3.7,348,1,20,20,400,,
2.1.6,RIRO,1.4,360,1,15,10,156.25,,
2.1.6,RIRO,2,26,2,22,22,484,,
2.1.6,RIRO,3.9,19,2,50,45,2256.25,,
2.1.6,RIRO,1.5,21,1,20,25,506.25,,
2.1.6,CEIN,1.3,37,3,115,105,12100,,
2.1.6,RIRO,0.9,69,2,45,55,2500,,
2.1.6,PIMO,3.1,75,2,45,45,2025,,
2.1.6,CECO,3.7,88,2,45,55,2500,,
2.1.6,RIRO,2.1,86,1,20,15,306.25,,
2.1.6,RIRO,3.2,140,2,45,40,1806.25,,
2.1.6,RIRO,2,150,1,15,17,256,,
2.1.6,RIRO,1,59,2,40,45,1806.25,,
2.1.6,PIMO,1.1,166,1,25,20,506.25,,
2.1.6,ABCO,3.6,182,3,60,55,3306.25,,
2.1.6,ABCO,3.5,184,3,50,35,1806.25,,
2.1.6,ABCO,3.1,194,3,45,40,1806.25,,
2.1.6,ABCO,3.2,196,2,35,40,1406.25,,
2.1.6,ABCO,3.3,213,3,45,40,1806.25,,
2.1.6,forb,,,,,,0,1,
2.1.6,gram,,,,,,0,1,
2.2.1,QUKE,3.2,340,1,10,10,100,,
2.2.1,QUKE,3.2,15,1,10,15,156.25,,
2.2.1,QUKE,3.5,29,1,18,16,289,,
2.2.1,QUKE,1.2,103,1,20,18,361,,
2.2.1,QUKE,1.8,106,1,17,20,342.25,,
2.2.1,QUKE,3.6,125,1,14,12,169,,
2.2.1,QUKE,3.9,140,1,14,12,169,,
2.2.1,QUKE,2.8,173,1,15,15,225,,
2.2.1,forb,,,,,,0,0,
2.2.1,gram,,,,,,0,0,
2.2.3,CEPR,0.4,110,1,340,340,115600,,
2.2.3,ABCO,0.6,110,1,30,30,900,,
2.2.3,CATE,3.1,130,2,40,30,1225,,
2.2.3,ARPA,2.5,130,2,10,32,441,,
2.2.3,CATE,1.9,130,2,18,25,462.25,,
2.2.3,CATE,2.5,133,2,25,35,900,,
2.2.3,CATE,3.3,160,2,20,40,900,,
2.2.3,ABCO,3.7,161,1,18,25,462.25,,
2.2.3,ABCO,3.4,163,2,22,40,961,,
2.2.3,ABCO,3.9,165,1,11,12,132.25,,
2.2.3,ABCO,4.1,165,1,14,25,380.25,,
2.2.3,PIPO,3.1,171,4,40,35,1406.25,,
2.2.3,ABCO,3.3,173,3,70,80,5625,,
2.2.3,QUKE,2.9,190,1,15,17,256,,
2.2.3,CATE,1.4,171,2,19,27,529,,
2.2.3,CATE,2.5,235,2,22,29,650.25,,
2.2.3,forb,,,,,,0,0,
2.2.3,gram,,,,,,0,0,
2.2.4,QUKE,2.8,337,1,10,12,121,,
2.2.4,QUKE,2.9,337,1,12,11,132.25,,
2.2.4,QUKE,3.2,5,1,8,10,81,,
2.2.4,QUKE,4.1,6,1,9,13,121,,
2.2.4,SYMO,3.4,9,1,10,15,156.25,,
2.2.4,QUKE,3.3,9,1,12,15,182.25,,
2.2.4,QUKE,3.8,53,1,15,15,225,,
2.2.4,QUKE,3.2,63,1,11,14,156.25,,
2.2.4,QUKE,1.4,63,1,13,15,196,,
2.2.4,QUKE,0.8,73,1,9,9,81,,
2.2.4,QUKE,2.3,73,1,12,8,100,,
2.2.4,QUKE,3.8,73,1,10,8,81,,
2.2.4,QUKE,3.8,86,1,14,19,272.25,,
2.2.4,QUKE,3.7,143,1,10,10,100,,
2.2.4,QUKE,2.6,205,1,14,12,169,,
2.2.4,QUKE,2.7,231,1,10,14,144,,
2.2.4,QUKE,1.9,273,1,16,8,144,,
2.2.4,QUKE,1.6,290,1,10,14,144,,
2.2.4,QUKE,1.7,320,1,16,16,256,,
2.2.4,QUKE,1.5,322,1,12,14,169,,
2.2.4,forbs,,,,,,0,0,
2.2.4,grams,,,,,,0,0,
2.2.5,CEIN,3.4,190,1,5,10,56.25,,
2.2.5,CEIN,3.9,190,1,5,14,90.25,,
2.2.5,CEIN,4,190,1,6,12,81,,
2.2.5,CEIN,4.1,190,1,5,5,25,,
2.2.5,CEIN,4,177,1,10,10,100,,
2.2.5,CEIN,3.2,173,1,25,30,756.25,,
2.2.5,PILA,2.1,144,2,30,10,400,,
2.2.5,PIPO,2.1,144,2,23,20,462.25,,
2.2.5,PILA,2.2,140,1,15,15,225,,
2.2.5,CEIN,1.2,135,1,15,20,306.25,,
2.2.5,CEPR,1.3,133,1,5,10,56.25,,
2.2.5,CEIN,2.2,98,1,25,20,506.25,,
2.2.5,QUKE,3.1,97,4,90,110,10000,,
2.2.5,CEIN,1.3,90,1,20,15,306.25,,
2.2.5,CEIN,1.2,83,1,30,20,625,,
2.2.5,CEIN,1.3,76,2,65,80,5256.25,,
2.2.5,CEIN,2,75,1,40,45,1806.25,,
2.2.5,CEIN,2.3,75,2,45,35,1600,,
2.2.5,CEIN,2.5,60,2,25,40,1056.25,,
2.2.5,CEIN,2.6,57,1,30,35,1056.25,,
2.2.5,CEIN,2,57,1,25,20,506.25,,
2.2.5,CEIN,2.5,55,1,35,15,625,,
2.2.5,CEIN,2.7,55,1,27,30,812.25,,
2.2.5,RIRO,2.8,55,1,25,10,306.25,,
2.2.5,RIRO,2.9,55,1,10,8,81,,
2.2.5,PILA,3.5,60,2,25,20,506.25,,
2.2.5,CEIN,3.2,48,2,30,45,1406.25,,
2.2.5,CEIN,2.9,45,2,45,40,1806.25,,
2.2.5,CEIN,3.8,13,4,180,130,24025,,
2.2.5,CEIN,4.1,5,1,25,20,506.25,,
2.2.5,CEIN,3.6,360,1,10,4,49,,
2.2.5,CEIN,3.5,360,1,2,2,4,,
2.2.5,CEIN,3.4,360,1,2,5,12.25,,
2.2.5,CEIN,3.3,360,1,5,3,16,,
2.2.5,RIRO,3.4,6,2,60,25,1806.25,,
2.2.5,SYMO,2.8,3,1,80,40,3600,,
2.2.5,SYMO,2.1,6,1,55,25,1600,,
2.2.5,SYMO,1.8,6,1,50,25,1406.25,,
2.2.5,SYMO,1.7,5,1,30,55,1806.25,,
2.2.5,CEIN,2.7,330,4,330,490,168100,,
2.2.5,QUKE,0.9,255,2,35,30,1056.25,,
2.2.5,CEIN,0.7,230,1,10,5,56.25,,
2.2.5,CEIN,0.4,220,1,5,5,25,,
2.2.5,CEIN,1.5,220,1,30,35,1056.25,,
2.2.5,QUKE,2.3,220,1,25,20,506.25,,
2.2.5,PILA,2.9,225,4,90,80,7225,,
2.2.5,CEIN,4,220,1,5,12,72.25,,
2.2.5,CEIN,4.2,221,1,5,15,100,,
2.2.5,CEIN,0.9,215,1,5,6,30.25,,
2.2.5,forb,,,,,,0,1,
2.2.5,gram,,,,,,0,2,
2.2.6,QUKE,2.7,241,1,20,25,506.25,,
2.2.6,gram,,,,,,0,1,
2.2.6,forb,,,,,,0,1,
2.2.2,QUKE,2,165,1,4.5,4.5,20.25,,
2.2.2,QUKE,1.8,183,1,4.5,4.5,20.25,,
2.2.2,QUKE,1.7,190,1,4.5,4.5,20.25,,
2.2.2,QUKE,2.8,192,1,4.5,4.5,20.25,,
2.2.2,QUKE,2.3,194,1,4.5,4.5,20.25,,
2.2.2,QUKE,3.8,206,1,4.5,4.5,20.25,,
2.3.1,ARPA,2.5,30,4,15,15,225,,
2.3.1,CEPR,2.6,30,3,10,10,100,,
2.3.1,QUKE,2.7,30,12,15,11,169,,
2.3.1,QUKE,3.8,45,,10,11,110.25,,
2.3.1,CEPR,3,50,3,4,5,20.25,,
2.3.1,QUKE,3.4,71,13,5,6,30.25,,
2.3.1,CEPR,1.6,51,2,2,2,4,,
2.3.1,CECO,2.1,65,4,10,4,49,,
2.3.1,CEPR,2.3,87,2,1,1,1,,
2.3.1,CEPR,1.5,160,4,11,7,81,,
2.3.1,CEPR,2.1,180,3,10,6,64,,
2.3.1,CECO,2.1,180,14,10,16,169,,
2.3.1,CECO,2.6,184,2,3,1,4,,
2.3.1,QUKE,2.5,191,17,20,9,210.25,,
2.3.1,CEPR,4,183,2,1,2,2.25,,
2.3.1,CEPR,3.7,192,3,10,5,56.25,,
2.3.1,CEPR,3.4,194,3,3,6,20.25,,
2.3.1,CECO,3,198,2,4,8,36,,
2.3.1,CECO,1.3,195,4,2,4,9,,
2.3.1,CEPR,0.6,203,3,3,5,16,,
2.3.1,ARPA,3.3,213,8,5,10,56.25,,
2.3.1,QUKE,3.7,215,16,20,25,506.25,,
2.3.1,CECO,1.8,240,3,5,4,20.25,,
2.3.1,CEPR,1.2,240,2,3,2,6.25,,
2.3.1,CEPR,1.9,245,1,6,2,16,,
2.3.1,CECO,2.9,325,5,3,8,30.25,,
2.3.1,herb,,,,,,0,1,
2.3.1,forb,,,,,,0,1,
2.3.2,PILA,3.5,170,1,3,8,30.25,,
2.3.2,CECO,3.8,338,1,10,8,81,,
2.3.2,CECO,3.6,340,1,10,8,81,,
2.3.2,CECO,2.1,10,1,2,1,2.25,,
2.3.2,QUKE,3.2,67,4,137,320,52212.25,,
2.3.2,gram,,,,,,0,1,
2.3.2,forb,,,,,,0,1,
2.3.3,forb,0,0,0,0,0,0,1,
2.3.3,gram,,,,,,0,0,
2.3.4,PIPO,1.5,211,4,32,45,1482.25,,
2.3.4,ABCO,2.6,235,2,50,40,2025,,
2.3.4,CEPR,3.4,237,1,70,140,11025,,
2.3.4,ARPA,3,257,1,15,12,182.25,,
2.3.4,CEPR,3.4,283,1,110,60,7225,,
2.3.4,CEIN,4.1,273,4,415,225,102400,,
2.3.4,CEIN,2.7,330,4,264,225,59780.25,,
2.3.4,CEVE,2.8,355,2,140,70,11025,,
2.3.4,ABCO,1.7,309,2,30,40,1225,,
2.3.4,PILA,1.5,316,1,30,30,900,,
2.3.4,CATE,1.3,330,1,8,13,110.25,,
2.3.4,PILA,1.9,360,2,25,22,552.25,,
2.3.4,CATE,2.1,4,1,14,6,100,,
2.3.4,RIRO,2.8,355,2,40,35,1406.25,,
2.3.4,CATE,2.5,4,1,13,8,110.25,,
2.3.4,scou willow?,3.5,6,3,55,35,2025,,
2.3.4,CATE,2.1,18,1,5,6,30.25,,
2.3.4,ABCO,1.3,33,2,60,45,2756.25,,
2.3.4,PILA,2.1,42,1,10,15,156.25,,
2.3.4,ABCO,2.8,45,1,25,25,625,,
2.3.4,PIPO,3.5,39,1,20,15,306.25,,
2.3.4,CATE,3.9,33,1,15,17,256,,
2.3.4,CATE,3.7,51,1,6,12,81,,
2.3.4,CATE,3.8,55,1,15,18,272.25,,
2.3.4,PIPO,4.1,60,4,80,90,7225,,
2.3.4,PILA,3,60,3,60,75,4556.25,,
2.3.4,PIPO,3.4,63,2,20,25,506.25,,
2.3.4,CATE,3.5,65,1,15,18,272.25,,
2.3.4,ABCO,4,68,2,45,50,2256.25,,
2.3.4,PIPO,1.9,68,4,90,105,9506.25,,
2.3.4,CEIN,4.2,70,4,234,165,39800.25,,
2.3.4,PIPO,2.4,78,2,40,30,1225,,
2.3.4,ABCO,2.1,78,2,45,45,2025,,
2.3.4,PILA,4.1,80,3,45,50,2256.25,,
2.3.4,PILA,3.8,94,2,50,45,2256.25,,
2.3.4,willow,3.3,102,2,120,125,15006.25,,
2.3.4,ABCO,3.4,112,4,85,85,7225,,
2.3.4,CEIN,1.6,127,1,35,35,1225,,
2.3.4,ABCO,2.7,120,3,80,75,6006.25,,
2.3.4,CEIN,2.1,147,1,15,15,225,,
2.3.4,gram,,,,,,0,1,
2.3.4,forb,,,,,,0,1,
2.3.5,CHSE,1.2,176,3,50,50,2500,,
2.3.5,CHSE,1.5,180,1,15,15,225,,
2.3.5,CHSE,1.7,183,3,65,65,4225,,
2.3.5,CHSE,3.2,180,2,45,55,2500,,
2.3.5,CECO,3.6,181,1,8,12,100,,
2.3.5,CECO,3.8,183,1,50,45,2256.25,,
2.3.5,CECO,2.9,184,1,22,30,676,,
2.3.5,CHSE,2.9,184,1,17,25,441,,
2.3.5,CHSE,2.5,184,2,25,32,812.25,,
2.3.5,ARPA,2.5,193,2,45,25,1225,,
2.3.5,CHSE,2.9,193,2,27,30,812.25,,
2.3.5,CHSE,3.3,194,3,40,25,1056.25,,
2.3.5,CECO,3.6,194,1,35,35,1225,,
2.3.5,CHSE,3.3,196,3,35,55,2025,,
2.3.5,CHSE,2.8,193,2,27,35,961,,
2.3.5,CHSE,3,195,3,25,25,625,,
2.3.5,CHSE,1.9,201,2,35,40,1406.25,,
2.3.5,ARPA,1.7,201,1,20,20,400,,
2.3.5,CECO,1.5,200,1,15,8,132.25,,
2.3.5,ARPA,0.6,199,1,10,12,121,,
2.3.5,CECO,1,203,1,25,25,625,,
2.3.5,ARPA,3.3,200,1,22,15,342.25,,
2.3.5,CHSE,3.5,200,2,15,15,225,,
2.3.5,CECO,3.5,200,1,25,30,756.25,,
2.3.5,QUKE,3.8,201,1,15,20,306.25,,
2.3.5,CHSE,3.8,203,3,55,50,2756.25,,
2.3.5,CECO,3.6,205,1,20,35,756.25,,
2.3.5,ARPA,2.6,214,1,10,11,110.25,,
2.3.5,CECO,3.6,220,1,40,35,1406.25,,
2.3.5,CECO,3.8,221,1,30,27,812.25,,
2.3.5,ARPA,4,221,1,10,15,156.25,,
2.3.5,ARPA,3.2,225,1,22,22,484,,
2.3.5,ARPA,3.4,229,1,10,14,144,,
2.3.5,ARPA,3.2,232,1,12,20,256,,
2.3.5,ARPA,2.4,229,1,10,12,121,,
2.3.5,QUKE,2.3,232,1,35,35,1225,,
2.3.5,ARPA,1.4,250,1,10,15,156.25,,
2.3.5,ARPA,1.5,253,1,15,20,306.25,,
2.3.5,CECO,0.4,260,1,10,15,156.25,,
2.3.5,ARPA,0.6,260,1,8,10,81,,
2.3.5,CECO,0.6,261,1,15,15,225,,
2.3.5,SYMO,0.9,260,1,10,15,156.25,,
2.3.5,CECO,1.8,259,1,12,12,144,,
2.3.5,CECO,1.9,258,1,10,15,156.25,,
2.3.5,CECO,2,260,1,40,55,2256.25,,
2.3.5,CECO,3.6,255,1,15,15,225,,
2.3.5,ABCO,3.7,263,1,15,15,225,,
2.3.5,CHSE,2,281,3,45,60,2756.25,,
2.3.5,CHSE,2.5,294,2,25,30,756.25,,
2.3.5,CHSE,1.1,293,3,50,45,2256.25,,
2.3.5,CECO,0.4,293,1,10,14,144,,
2.3.5,ARPA,0.8,303,1,15,12,182.25,,
2.3.5,ARPA,0.9,305,1,10,12,121,,
2.3.5,ARPA,1.1,304,1,8,10,81,,
2.3.5,CECO,0.8,303,1,20,22,441,,
2.3.5,CHSE,1.5,308,3,45,45,2025,,
2.3.5,CHSE,1.8,308,2,20,20,400,,
2.3.5,ARPA,1.9,308,1,14,12,169,,
2.3.5,CECO,2.6,306,1,15,17,256,,
2.3.5,CHSE,2.5,305,2,30,25,756.25,,
2.3.5,CHSE,2.4,306,3,40,45,1806.25,,
2.3.5,CHSE,3.9,323,3,35,35,1225,,
2.3.5,CHSE,3.1,323,2,45,40,1806.25,,
2.3.5,CHSE,2.6,323,3,40,45,1806.25,,
2.3.5,CHSE,2.2,323,3,40,90,4225,,
2.3.5,CHSE,1.7,323,3,55,65,3600,,
2.3.5,ARPA,2.4,333,1,6,8,49,,
2.3.5,CECO,3.5,333,1,10,20,225,,
2.3.5,CECO,3.6,335,1,10,14,144,,
2.3.5,CECO,3.6,336,1,10,12,121,,
2.3.5,ARPA,3.4,333,1,10,12,121,,
2.3.5,ARPA,3.3,334,1,4,6,25,,
2.3.5,ARPA,3.6,337,1,6,10,64,,
2.3.5,CHSE,3.5,341,2,25,30,756.25,,
2.3.5,SYMO,3.5,341,1,15,30,506.25,,
2.3.5,CECO,3.5,341,1,20,10,225,,
2.3.5,CECO,3.4,343,1,10,25,306.25,,
2.3.5,ARPA,3.4,344,1,12,14,169,,
2.3.5,CECO,3.3,344,1,12,8,100,,
2.3.5,ARPA,3.1,344,1,6,8,49,,
2.3.5,CECO,2.7,343,1,12,20,256,,
2.3.5,CHSE,2.5,340,1,12,15,182.25,,
2.3.5,CECO,3.6,348,1,25,12,342.25,,
2.3.5,ABCO,2.8,357,1,15,17,256,,
2.3.5,ABCO,4,20,1,25,25,625,,
2.3.5,CHSE,3.6,50,3,50,35,1806.25,,
2.3.5,CHSE,4,52,3,40,40,1600,,
2.3.5,CHSE,3.4,73,1,10,10,100,,
2.3.5,QUKE,4.1,75,1,25,25,625,,
2.3.5,CHSE,3.9,92,1,10,12,121,,
2.3.5,CHSE,2.3,92,3,35,50,1806.25,,
2.3.5,CHSE,3,114,1,4,5,20.25,,
2.3.5,CHSE,3,116,1,6,4,25,,
2.3.5,CHSE,3.6,122,3,65,65,4225,,
2.3.5,gram,,,,,,0,0,
2.3.5,forb,,,,,,0,0,
2.3.6,RIRO,1.1,288,2,115,90,10506.25,,
2.3.6,CECO,1.5,288,2,45,35,1600,,
2.3.6,ARPA,2.8,288,1,30,20,625,,
2.3.6,RIRO,3.6,300,1,10,25,306.25,,
2.3.6,ARPA,3.5,302,1,12,12,144,,
2.3.6,ARPA,3.1,303,1,10,18,196,,
2.3.6,QUKE,2.2,303,1,12,25,342.25,,
2.3.6,QUKE,3.7,306,1,10,14,144,,
2.3.6,RIRO,4,307,2,35,45,1600,,
2.3.6,CECO,3.9,308,1,15,20,306.25,,
2.3.6,RIRO,3.4,313,3,35,45,1600,,
2.3.6,CECO,3,315,2,40,65,2756.25,,
2.3.6,RIRO,2.8,315,2,45,40,1806.25,,
2.3.6,CECO,3.7,325,2,30,45,1406.25,,
2.3.6,CECO,3.3,328,1,60,30,2025,,
2.3.6,CECO,2.3,330,2,75,85,6400,,
2.3.6,ARPA,2.2,330,2,45,35,1600,,
2.3.6,RIRO,1.7,325,3,35,50,1806.25,,
2.3.6,CECO,1.5,332,2,40,45,1806.25,,
2.3.6,QUKE,1.2,339,2,25,30,756.25,,
2.3.6,QUKE,0.9,354,2,25,25,625,,
2.3.6,CECO,1.5,357,2,100,135,13806.25,,
2.3.6,ARPA,2.6,343,2,45,52,2352.25,,
2.3.6,ARPA,3.2,347,1,20,25,506.25,,
2.3.6,ARPA,3.6,344,1,15,15,225,,
2.3.6,QUKE,3.8,346,1,20,20,400,,
2.3.6,CECO,4.1,357,3,90,165,16256.25,,
2.3.6,ARPA,3.1,357,3,90,75,6806.25,,
2.3.6,CECO,3.1,357,2,75,85,6400,,
2.3.6,QUKE,3,354,1,22,25,552.25,,
2.3.6,QUKE,2.8,357,2,25,20,506.25,,
2.3.6,CECO,2.4,355,2,50,60,3025,,
2.3.6,CECO,1.6,356,2,100,130,13225,,
2.3.6,QUKE,1.6,4,2,25,25,625,,
2.3.6,QUKE,2.3,13,1,20,18,361,,
2.3.6,CECO,3,13,3,55,65,3600,,
2.3.6,CECO,3.5,24,2,55,75,4225,,
2.3.6,ARPA,3.6,30,2,70,110,8100,,
2.3.6,ARPA,2.8,24,1,40,75,3306.25,,
2.3.6,CECO,2.7,30,1,40,35,1406.25,,
2.3.6,ARPA,1.4,32,2,105,80,8556.25,,
2.3.6,CECO,0.2,26,1,35,20,756.25,,
2.3.6,CECO,1.5,42,3,155,165,25600,,
2.3.6,ARPA,2,40,2,40,65,2756.25,,
2.3.6,ARPA,3.1,51,3,150,175,26406.25,,
2.3.6,CECO,4,55,2,95,180,18906.25,,
2.3.6,ARPA,4.1,56,2,60,95,6006.25,,
2.3.6,QUKE,1.8,55,1,45,30,1406.25,,
2.3.6,QUKE,0.8,77,1,15,15,225,,
2.3.6,QUKE,1.3,80,2,30,20,625,,
2.3.6,ARPA,0.9,99,1,10,25,306.25,,
2.3.6,ARPA,3.3,69,2,40,40,1600,,
2.3.6,PIPO,3.3,69,1,30,30,900,,
2.3.6,ARPA,3.8,70,2,45,30,1406.25,,
2.3.6,QUKE,3.6,75,2,30,30,900,,
2.3.6,CECO,2.1,75,2,105,95,10000,,
2.3.6,CECO,2.8,84,2,95,90,8556.25,,
2.3.6,CECO,3.6,87,2,52,75,4032.25,,
2.3.6,QUKE,2.5,87,1,20,35,756.25,,
2.3.6,QUKE,2.7,99,2,25,40,1056.25,,
2.3.6,ARPA,3,98,2,25,50,1406.25,,
2.3.6,ARPA,3.5,97,1,25,30,756.25,,
2.3.6,ARPA,3.9,101,2,65,95,6400,,
2.3.6,CECO,3.9,101,2,65,55,3600,,
2.3.6,CECO,2.8,105,2,200,185,37056.25,,
2.3.6,ARPA,2.4,102,2,40,30,1225,,
2.3.6,QUKE,1.9,102,2,10,20,225,,
2.3.6,QUKE,2.2,107,1,10,20,225,,
2.3.6,ARPA,3.6,113,2,45,50,2256.25,,
2.3.6,CECO,3.7,118,2,105,105,11025,,
2.3.6,QUKE,3.2,118,2,45,40,1806.25,,
2.3.6,QUKE,2.8,115,2,15,20,306.25,,
2.3.6,ARPA,3.2,129,2,40,120,6400,,
2.3.6,CECO,3.1,139,2,300,220,67600,,
2.3.6,QUKE,2.4,134,1,40,60,2500,,
2.3.6,QUKE,2,148,2,35,60,2256.25,,
2.3.6,QUKE,1.7,160,2,35,55,2025,,
2.3.6,QUKE,1.4,158,1,15,15,225,,
2.3.6,ARPA,3.1,158,2,45,75,3600,,
2.3.6,CECO,2.9,167,2,240,200,48400,,
2.3.6,RIRO,4,178,3,50,60,3025,,
2.3.6,ARPA,3.9,163,2,40,30,1225,,
2.3.6,ARPA,4.1,180,1,30,30,900,,
2.3.6,ARPA,3.3,184,3,70,80,5625,,
2.3.6,CECO,2.8,183,2,240,240,57600,,
2.3.6,RIRO,3,198,2,25,40,1056.25,,
2.3.6,ARPA,2.6,198,2,30,40,1225,,
2.3.6,RIRO,2.5,197,2,25,30,756.25,,
2.3.6,CECO,2.1,229,3,400,450,180625,,
2.3.6,ARPA,2.8,217,2,40,40,1600,,
2.3.6,ARPA,3.6,228,3,70,60,4225,,
2.3.6,RIRO,2.5,241,2,120,150,18225,,
2.3.6,ARPA,3.4,245,3,135,145,19600,,
2.3.6,QUKE,3.3,245,2,20,20,400,,
2.3.6,ARPA,2,257,3,135,140,18906.25,,
2.3.6,QUKE,0.8,205,2,35,40,1406.25,,
2.3.6,forb,,,,,,0,0,
2.3.6,gram,,,,,,0,1,
2.3.6,PILA,,,,,,0,,1
2.4.1,CECO,3.5,173,1,110,90,10000,,
2.4.1,CECO,3.1,182,1,85,95,8100,,
2.4.1,ARPA,3.8,186,1,30,35,1056.25,,
2.4.1,CECO,4,190,1,25,20,506.25,,
2.4.1,ABCO,2.9,196,1,10,5,56.25,,
2.4.1,ABCO,2.7,193,1,13,5,81,,
2.4.1,ABCO,2.3,193,1,8,5,42.25,,
2.4.1,ABCO,1.8,190,1,5,5,25,,
2.4.1,ABCO,2.5,205,1,5,10,56.25,,
2.4.1,ABCO,0.7,201,1,8,5,42.25,,
2.4.1,ABCO,0.5,165,1,13,5,81,,
2.4.1,RIRO,0.4,164,1,6,4,25,,
2.4.1,ABCO,0.9,200,1,7,5,36,,
2.4.1,ABCO,1.7,208,1,7,7,49,,
2.4.1,ABCO,1.8,204,1,11,6,72.25,,
2.4.1,ABCO,3,200,1,11,5,64,,
2.4.1,PIPO,4.2,192,1,15,15,225,,
2.4.1,PILA,4.1,217,1,25,25,625,,
2.4.1,ABCO,3.2,220,1,5,5,25,,
2.4.1,ABCO,3.2,220,1,5,5,25,,
2.4.1,ABCO,3.3,220,1,12,6,81,,
2.4.1,ABCO,3.7,222,1,7,5,36,,
2.4.1,ABCO,3.7,222,1,5,4,20.25,,
2.4.1,ABCO,3.6,222,1,6,5,30.25,,
2.4.1,ABCO,3.7,228,1,12,8,100,,
2.4.1,ABCO,1.9,220,1,5,5,25,,
2.4.1,ABCO,1.9,220,1,8,6,49,,
2.4.1,ABCO,2.2,223,1,6,5,30.25,,
2.4.1,ABCO,1.7,233,1,10,7,72.25,,
2.4.1,ABCO,2.8,233,1,20,12,256,,
2.4.1,ABCO,3.1,232,1,13,11,144,,
2.4.1,ABCO,2.9,235,1,7,4,30.25,,
2.4.1,ABCO,3.8,323,1,10,6,64,,
2.4.1,ABCO,3.7,229,1,10,8,81,,
2.4.1,ABCO,2.8,252,1,12,6,81,,
2.4.1,ABCO,2.7,254,1,5,7,36,,
2.4.1,ABCO,0.9,253,1,17,5,121,,
2.4.1,ABCO,0.4,253,1,5,4,20.25,,
2.4.1,ABCO,2.1,268,1,2,6,16,,
2.4.1,ABCO,1.9,268,1,6,5,30.25,,
2.4.1,ABCO,1.7,268,1,10,5,56.25,,
2.4.1,QUKE,2.2,268,1,13,13,169,,
2.4.1,QUKE,2.3,268,1,18,12,225,,
2.4.1,ABCO,1.4,287,1,5,3,16,,
2.4.1,ABCO,2.1,279,1,6,5,30.25,,
2.4.1,ABCO,1.9,279,1,5,5,25,,
2.4.1,ABCO,2.2,282,1,11,10,110.25,,
2.4.1,ABCO,2.4,292,1,8,6,49,,
2.4.1,ABCO,3.7,298,1,10,8,81,,
2.4.1,ABCO,3.9,290,1,12,10,121,,
2.4.1,ABCO,3.2,271,1,6,5,30.25,,
2.4.1,ABCO,3.7,277,1,5,5,25,,
2.4.1,ABCO,4,305,1,11,6,72.25,,
2.4.1,ABCO,2.9,302,1,6,8,49,,
2.4.1,ABCO,3,302,1,10,12,121,,
2.4.1,CECO,3.3,311,1,80,75,6006.25,,
2.4.1,ABCO,4,315,1,10,9,90.25,,
2.4.1,RIRO,3.4,315,1,5,5,25,,
2.4.1,ABCO,3.7,330,1,8,5,42.25,,
2.4.1,ABCO,3.7,330,1,11,10,110.25,,
2.4.1,ABCO,3.5,330,1,6,7,42.25,,
2.4.1,ABCO,3.1,332,1,5,5,25,,
2.4.1,ABCO,3.1,332,1,5,5,25,,
2.4.1,ABCO,2.8,325,1,10,5,56.25,,
2.4.1,ABCO,2.5,318,1,12,8,100,,
2.4.1,ABCO,2.3,318,1,12,14,169,,
2.4.1,ABCO,2.2,318,1,3,2,6.25,,
2.4.1,ABCO,2.5,235,1,6,8,49,,
2.4.1,ABCO,2.3,235,1,14,6,100,,
2.4.1,ABCO,1.9,235,1,10,10,100,,
2.4.1,RIRO,4.1,334,1,10,5,56.25,,
2.4.1,ABCO,4,341,1,10,11,110.25,,
2.4.1,CECO,3.1,349,2,115,120,13806.25,,
2.4.1,ABCO,3.4,335,1,10,12,121,,
2.4.1,ABCO,3.3,335,1,5,5,25,,
2.4.1,ABCO,3.4,335,1,4,3,12.25,,
2.4.1,ABCO,3.4,335,1,10,9,90.25,,
2.4.1,ABCO,3.7,337,1,11,8,90.25,,
2.4.1,CECO,3.1,4,2,120,125,15006.25,,
2.4.1,CECO,3,22,1,70,80,5625,,
2.4.1,CECO,3,38,1,80,60,4900,,
2.4.1,CECO,3.5,50,2,160,120,19600,,
2.4.1,ABCO,2.5,33,1,13,10,132.25,,
2.4.1,ABCO,1.9,33,1,20,5,156.25,,
2.4.1,ABCO,1.8,31,1,6,5,30.25,,
2.4.1,ABCO,2.1,28,1,8,7,56.25,,
2.4.1,ABCO,1.9,15,1,6,5,30.25,,
2.4.1,ABCO,2.3,15,1,10,12,121,,
2.4.1,ABCO,2.6,358,1,14,12,169,,
2.4.1,ABCO,1.9,347,1,10,5,56.25,,
2.4.1,ABCO,1.7,347,1,6,5,30.25,,
2.4.1,ABCO,1.6,347,1,10,10,100,,
2.4.1,ABCO,1.5,347,1,13,11,144,,
2.4.1,ABCO,1.1,85,1,12,6,81,,
2.4.1,ABCO,1.1,85,1,10,6,64,,
2.4.1,ABCO,1,85,1,8,6,49,,
2.4.1,ABCO,3.3,62,1,8,5,42.25,,
2.4.1,ABCO,3,62,1,12,8,100,,
2.4.1,ABCO,2.8,62,1,5,10,56.25,,
2.4.1,QUKE,2.9,85,4,230,110,28900,,
2.4.1,ABCO,2.3,70,1,8,5,42.25,,
2.4.1,ABCO,1,65,1,8,6,49,,
2.4.1,ABCO,0.3,65,1,20,5,156.25,,
2.4.1,ABCO,0.7,68,1,5,6,30.25,,
2.4.1,ABCO,1,93,1,8,6,49,,
2.4.1,ABCO,1.1,95,1,5,6,30.25,,
2.4.1,ABCO,0.9,95,1,3,6,20.25,,
2.4.1,ABCO,0.8,95,1,5,8,42.25,,
2.4.1,PIPO,0.7,118,1,20,13,272.25,,
2.4.1,ABCO,0.9,120,1,3,5,16,,
2.4.1,CECO,1.7,120,2,110,115,12656.25,,
2.4.1,ABCO,1.8,140,1,5,5,25,,
2.4.1,ABCO,2.2,117,1,5,5,25,,
2.4.1,ABCO,2.4,117,1,6,6,36,,
2.4.1,ABCO,2.7,117,1,10,8,81,,
2.4.1,ABCO,3.6,110,1,7,5,36,,
2.4.1,CECO,4,122,2,120,80,10000,,
2.4.1,forb,,,,,,0,1,
2.4.1,gram,,,,,,0,0,
2.4.1,PIPO,,,,,,0,,1
2.4.2,CEIN,0.7,210,2,80,85,6806.25,,
2.4.2,CEIN,1,248,3,90,85,7656.25,,
2.4.2,CEIN,1.5,212,3,80,90,7225,,
2.4.2,CEIN,1.9,199,2,100,60,6400,,
2.4.2,CEIN,2.8,198,3,80,70,5625,,
2.4.2,CEIN,3,189,2,60,40,2500,,
2.4.2,CEIN,3.6,189,2,110,70,8100,,
2.4.2,CEIN,3.1,202,2,40,80,3600,,
2.4.2,CEIN,3.7,202,2,70,70,4900,,
2.4.2,CEIN,4.1,202,2,70,80,5625,,
2.4.2,CEIN,3.7,210,3,90,110,10000,,
2.4.2,CEIN,2.7,212,3,80,20,2500,,
2.4.2,CEIN,0.9,255,3,80,90,7225,,
2.4.2,CEIN,1.1,273,2,80,75,6006.25,,
2.4.2,CEIN,1.8,267,2,90,55,5256.25,,
2.4.2,CEIN,3.2,260,2,100,40,4900,,
2.4.2,PILA,3.9,275,1,15,15,225,,
2.4.2,CEIN,2.7,287,3,110,95,10506.25,,
2.4.2,CEIN,2.6,304,2,90,50,4900,,
2.4.2,CEIN,2.1,290,2,100,65,6806.25,,
2.4.2,CEIN,1.8,314,3,140,100,14400,,
2.4.2,CEIN,0.5,317,3,60,70,4225,,
2.4.2,CEIN,2.1,350,2,20,30,625,,
2.4.2,SAME,2.7,334,4,220,200,44100,,
2.4.2,CEIN,2.9,345,2,70,40,3025,,
2.4.2,CEIN,3.6,353,1,80,60,4900,,
2.4.2,PSME,4,357,2,3,3,9,,
2.4.2,CEPR,3.2,20,1,30,25,756.25,,
2.4.2,CEIN,4,37,1,50,60,3025,,
2.4.2,CEIN,4.1,44,2,50,50,2500,,
2.4.2,CEIN,2.7,40,2,45,30,1406.25,,
2.4.2,CEIN,1.8,35,3,85,90,7656.25,,
2.4.2,CEIN,1.4,45,3,100,80,8100,,
2.4.2,CEIN,2.2,75,3,150,120,18225,,
2.4.2,RIRO,1.6,72,2,50,45,2256.25,,
2.4.2,CEIN,1.4,105,2,50,70,3600,,
2.4.2,CEIN,1.3,145,3,85,70,6006.25,,
2.4.2,CEIN,2,142,3,100,75,7656.25,,
2.4.2,CEIN,1.8,174,1,70,60,4225,,
2.4.2,CEIN,3.7,171,3,90,75,6806.25,,
2.4.2,CEIN,3.8,174,2,60,115,7656.25,,
2.4.2,CEIN,3.5,79,4,140,155,21756.25,,
2.4.2,PSME,3.2,62,1,10,6,64,,
2.4.2,PILA,4.1,122,1,15,10,156.25,,
2.4.2,forb,,,,,,0,2,
2.4.2,gram,,,,,,0,2,
2.4.3,CEIN,0.6,310,1,25,25,625,,
2.4.3,CEIN,1.1,310,3,75,60,4556.25,,
2.4.3,CEIN,1.6,310,3,30,50,1600,,
2.4.3,CEIN,2.3,295,2,70,70,4900,,
2.4.3,CEIN,3,295,3,70,50,3600,,
2.4.3,CEIN,3.8,293,3,90,100,9025,,
2.4.3,CEIN,3.2,310,1,20,30,625,,
2.4.3,CEIN,3.7,312,3,70,70,4900,,
2.4.3,CEIN,4,313,2,40,60,2500,,
2.4.3,CEIN,3.9,321,3,90,100,9025,,
2.4.3,CEIN,3.4,330,3,100,95,9506.25,,
2.4.3,CEIN,2.8,337,2,75,60,4556.25,,
2.4.3,CEIN,1.7,335,2,125,80,10506.25,,
2.4.3,CEIN,2.3,356,3,130,80,11025,,
2.4.3,CEIN,3.8,347,3,150,80,13225,,
2.4.3,CEIN,0.7,357,2,90,65,6006.25,,
2.4.3,CEIN,1.6,20,3,110,70,8100,,
2.4.3,CEIN,1.1,66,3,140,160,22500,,
2.4.3,CEIN,2.6,17,2,70,50,3600,,
2.4.3,RIRO,2.2,38,2,25,10,306.25,,
2.4.3,RIRO,2.9,38,2,20,40,900,,
2.4.3,CEIN,2.7,55,3,100,55,6006.25,,
2.4.3,CEIN,4,25,3,80,150,13225,,
2.4.3,CEIN,3.7,42,3,50,105,6006.25,,
2.4.3,CEIN,2.1,108,2,100,60,6400,,
2.4.3,CEIN,3.4,73,2,110,75,8556.25,,
2.4.3,CEIN,4,85,2,110,100,11025,,
2.4.3,CEIN,3.7,99,1,100,100,10000,,
2.4.3,CEIN,4.1,123,3,80,100,8100,,
2.4.3,CEIN,2.9,132,2,130,110,14400,,
2.4.3,CEIN,3,141,3,90,90,8100,,
2.4.3,CEIN,3.5,158,2,70,65,4556.25,,
2.4.3,CEIN,2,156,3,140,100,14400,,
2.4.3,RIRO,1.3,180,2,40,30,1225,,
2.4.3,CEIN,1.4,160,2,150,90,14400,,
2.4.3,CEIN,2.4,180,3,160,75,13806.25,,
2.4.3,CEIN,3.5,190,3,150,130,19600,,
2.4.3,CEIN,2.9,203,3,90,95,8556.25,,
2.4.3,RULA,2.2,210,2,50,40,2025,,
2.4.3,CEIN,1.9,221,3,130,60,9025,,
2.4.3,CEIN,3.8,218,2,50,75,3906.25,,
2.4.3,CEIN,3.2,230,3,75,80,6006.25,,
2.4.3,CEIN,1.7,260,3,160,110,18225,,
2.4.3,CEIN,2.8,251,3,80,90,7225,,
2.4.3,CEIN,3.4,230,3,90,80,7225,,
2.4.3,RIRO,3.6,245,2,30,30,900,,
2.4.3,CEIN,3.8,251,3,80,60,4900,,
2.4.3,CEIN,4,257,3,60,90,5625,,
2.4.3,forb,,,,,,0,1,
2.4.3,gram,,,,,,0,3,
2.4.4,RIRO,1.6,172,2,80,70,5625,,
2.4.4,CECO,1.9,174,1,25,25,625,,
2.4.4,CECO,2,174,1,20,22,441,,
2.4.4,CEPR,0.9,212,1,20,25,506.25,,
2.4.4,CECO,0.9,220,1,25,30,756.25,,
2.4.4,ARPA,1.6,212,1,25,20,506.25,,
2.4.4,CECO,2.1,212,1,30,20,625,,
2.4.4,ARPA,2.1,212,1,40,25,1056.25,,
2.4.4,CECO,2.5,212,1,30,25,756.25,,
2.4.4,RIRO,2.6,212,3,30,25,756.25,,
2.4.4,RIRO,2.8,212,2,45,40,1806.25,,
2.4.4,CECO,3.6,213,2,55,45,2500,,
2.4.4,CECO,3.4,220,1,22,20,441,,
2.4.4,CECO,3.7,223,1,35,40,1406.25,,
2.4.4,ARPA,3.6,240,1,8,8,64,,
2.4.4,CECO,3.5,240,1,25,22,552.25,,
2.4.4,ARPA,3.2,240,1,35,40,1406.25,,
2.4.4,RIRO,2.3,235,1,10,15,156.25,,
2.4.4,ARPA,2.5,240,1,20,35,756.25,,
2.4.4,CECO,2.8,240,1,8,8,64,,
2.4.4,CEPR,3.3,242,1,15,15,225,,
2.4.4,ARPA,2.8,243,1,27,20,552.25,,
2.4.4,CECO,2.8,243,1,35,25,900,,
2.4.4,CEPR,2.4,243,1,12,11,132.25,,
2.4.4,CECO,2.1,243,1,25,27,676,,
2.4.4,CECO,1.8,243,1,15,20,306.25,,
2.4.4,CECO,1.5,248,1,15,15,225,,
2.4.4,CECO,1.2,235,1,12,20,256,,
2.4.4,RIRO,1.9,252,1,30,40,1225,,
2.4.4,SYMO,1.1,251,1,17,15,256,,
2.4.4,ARPA,1.2,253,1,15,14,210.25,,
2.4.4,RIRO,2.2,254,1,27,20,552.25,,
2.4.4,CECO,3,254,1,30,30,900,,
2.4.4,RIRO,3.6,250,1,25,30,756.25,,
2.4.4,ARPA,3.6,263,1,15,25,400,,
2.4.4,ARPA,3.5,263,1,22,23,506.25,,
2.4.4,ARPA,3.2,265,1,15,20,306.25,,
2.4.4,CECO,3,265,1,30,25,756.25,,
2.4.4,RIRO,3.7,270,1,15,17,256,,
2.4.4,RIRO,4,273,1,15,20,306.25,,
2.4.4,CECO,3.8,273,1,30,30,900,,
2.4.4,RIRO,3.2,273,1,22,22,484,,
2.4.4,CECO,2.5,273,1,22,17,380.25,,
2.4.4,RIRO,3.6,277,3,85,70,6006.25,,
2.4.4,RIRO,3.9,280,2,35,30,1056.25,,
2.4.4,RIRO,3.3,287,2,45,33,1521,,
2.4.4,RIRO,2.8,287,2,50,50,2500,,
2.4.4,RIRO,2.9,291,2,70,45,3306.25,,
2.4.4,CECO,2.7,296,1,20,27,552.25,,
2.4.4,CECO,3.2,298,1,8,12,100,,
2.4.4,CECO,2,295,1,15,17,256,,
2.4.4,CECO,1.2,308,1,27,24,650.25,,
2.4.4,CECO,2.7,308,1,35,40,1406.25,,
2.4.4,ARPA,2.2,319,1,30,27,812.25,,
2.4.4,ARPA,2.5,319,1,22,20,441,,
2.4.4,CECO,2.5,319,1,8,12,100,,
2.4.4,ARPA,2.1,320,1,20,30,625,,
2.4.4,ARPA,2,326,1,25,25,625,,
2.4.4,RIRO,1.9,326,2,30,27,812.25,,
2.4.4,ARPA,2.3,330,1,15,17,256,,
2.4.4,ARPA,2.4,330,1,17,22,380.25,,
2.4.4,ARPA,2.9,331,1,50,40,2025,,
2.4.4,CECO,2.9,325,1,12,15,182.25,,
2.4.4,CECO,3.7,325,1,15,17,256,,
2.4.4,CECO,3.6,330,1,33,30,992.25,,
2.4.4,CECO,3.8,330,1,22,22,484,,
2.4.4,ARPA,3.6,330,1,45,45,2025,,
2.4.4,QUKE,3.4,331,1,25,25,625,,
2.4.4,CECO,3.4,331,1,22,20,441,,
2.4.4,CECO,3.3,332,1,17,17,289,,
2.4.4,CECO,3.5,334,1,20,22,441,,
2.4.4,ARPA,2.8,333,1,25,30,756.25,,
2.4.4,CECO,2.8,333,1,15,17,256,,
2.4.4,CECO,2.3,333,1,32,27,870.25,,
2.4.4,RIRO,2,336,2,27,40,1122.25,,
2.4.4,ARPA,1.7,335,1,6,8,49,,
2.4.4,ARPA,3,337,1,30,30,900,,
2.4.4,CECO,2.9,337,1,15,15,225,,
2.4.4,CECO,3.6,337,1,8,12,100,,
2.4.4,CECO,3.7,337,1,15,12,182.25,,
2.4.4,ARPA,3.6,0,1,12,10,121,,
2.4.4,RIRO,3.3,0,1,25,22,552.25,,
2.4.4,RIRO,3.2,3,1,32,15,552.25,,
2.4.4,ARPA,2.9,0,1,20,22,441,,
2.4.4,CECO,2.6,0,1,32,25,812.25,,
2.4.4,CECO,2.1,26,1,37,45,1681,,
2.4.4,CECO,1.7,41,1,30,27,812.25,,
2.4.4,CECO,2.2,36,1,12,30,441,,
2.4.4,CECO,2,52,1,25,27,676,,
2.4.4,CECO,1.2,52,1,15,10,156.25,,
2.4.4,CECO,1.4,91,1,10,14,144,,
2.4.4,CECO,1.3,98,1,10,22,256,,
2.4.4,ARPA,3.7,105,1,15,16,240.25,,
2.4.4,RIRO,3.4,107,2,35,40,1406.25,,
2.4.4,CECO,4,127,1,35,33,1156,,
2.4.4,RIRO,4,115,2,45,45,2025,,
2.4.4,CECO,3.9,115,1,15,16,240.25,,
2.4.4,CECO,3.5,115,1,22,21,462.25,,
2.4.4,CECO,3.6,115,1,11,10,110.25,,
2.4.4,CECO,3.6,116,1,8,12,100,,
2.4.4,ARPA,3.4,116,1,17,20,342.25,,
2.4.4,RIRO,3.2,120,2,32,22,729,,
2.4.4,CECO,3.4,120,1,15,25,400,,
2.4.4,RIRO,3.6,120,1,12,10,121,,
2.4.4,RIRO,3.7,135,2,60,70,4225,,
2.4.4,CECO,2.5,103,1,35,27,961,,
2.4.4,CECO,1.5,107,1,20,25,506.25,,
2.4.4,CECO,1.3,135,1,10,10,100,,
2.4.4,forb,,,,,,0,1,
2.4.4,gram,,,,,,0,1,
2.4.5,ABCO,3.2,112,2,15,22,342.25,,
2.4.5,ABCO,3,113,1,12,17,210.25,,
2.4.5,ABCO,1.9,115,1,8,10,81,,
2.4.5,ABCO,1.9,133,1,8,15,132.25,,
2.4.5,ABCO,3.1,129,1,8,12,100,,
2.4.5,CECO,4.1,136,2,120,120,14400,,
2.4.5,ABCO,3.3,140,1,8,12,100,,
2.4.5,ABCO,3.3,168,1,10,14,144,,
2.4.5,ABCO,3.1,177,1,17,15,256,,
2.4.5,ARPA,4.1,178,1,25,20,506.25,,
2.4.5,ABCO,3.3,178,1,12,10,121,,
2.4.5,CECO,3.8,188,2,95,130,12656.25,,
2.4.5,ARPA,4,192,1,16,18,289,,
2.4.5,ARPA,4.1,199,1,12,12,144,,
2.4.5,ABCO,3.9,199,1,8,12,100,,
2.4.5,ARPA,4,208,1,12,10,121,,
2.4.5,ARPA,3.9,210,1,6,12,81,,
2.4.5,ARPA,4.1,212,1,20,25,506.25,,
2.4.5,CECO,4,214,1,50,65,3306.25,,
2.4.5,CECO,3.3,214,1,80,70,5625,,
2.4.5,ABCO,3.5,203,1,8,12,100,,
2.4.5,ABCO,3.3,206,1,8,12,100,,
2.4.5,ABCO,2.4,203,1,8,12,100,,
2.4.5,ABCO,0.4,171,1,10,12,121,,
2.4.5,CECO,1.3,214,2,70,65,4556.25,,
2.4.5,CECO,2.7,217,2,130,135,17556.25,,
2.4.5,CECO,3.9,221,2,120,130,15625,,
2.4.5,ARPA,3.8,231,1,8,15,132.25,,
2.4.5,CECO,3.7,240,2,115,115,13225,,
2.4.5,ARPA,3.8,240,1,15,20,306.25,,
2.4.5,CECO,3.4,237,2,45,40,1806.25,,
2.4.5,CECO,2.7,250,1,110,125,13806.25,,
2.4.5,ARPA,2.5,248,1,10,12,121,,
2.4.5,ARPA,2.1,250,1,25,20,506.25,,
2.4.5,ABCO,3,250,1,8,14,121,,
2.4.5,ARPA,3.6,250,1,15,25,400,,
2.4.5,CECO,1.6,243,1,55,40,2256.25,,
2.4.5,ARPA,1.8,260,1,15,15,225,,
2.4.5,ARPA,3.3,257,1,20,10,225,,
2.4.5,CECO,1.1,280,2,90,85,7656.25,,
2.4.5,ARPA,1.4,282,1,27,30,812.25,,
2.4.5,CECO,2.2,264,1,40,35,1406.25,,
2.4.5,ARPA,2.3,264,1,12,12,144,,
2.4.5,CECO,3.4,262,1,85,60,5256.25,,
2.4.5,CECO,2.7,264,1,110,65,7656.25,,
2.4.5,ARPA,2.8,264,1,20,27,552.25,,
2.4.5,CECO,2.3,280,1,90,50,4900,,
2.4.5,ARPA,2,278,1,12,15,182.25,,
2.4.5,ARPA,2.4,282,1,8,12,100,,
2.4.5,CECO,3.2,280,1,85,65,5625,,
2.4.5,ARPA,3.3,280,1,15,15,225,,
2.4.5,PIPO,4.1,285,2,55,55,3025,,
2.4.5,CECO,4,288,1,60,45,2756.25,,
2.4.5,ABCO,3.6,285,1,8,12,100,,
2.4.5,ARPA,2.6,288,1,25,15,400,,
2.4.5,ABCO,0.9,299,1,8,12,100,,
2.4.5,ARPA,2.6,299,1,20,25,506.25,,
2.4.5,ABCO,3.1,304,1,10,12,121,,
2.4.5,ABCO,2.1,325,1,10,14,144,,
2.4.5,ABCO,0.9,328,1,8,10,81,,
2.4.5,ABCO,1.2,7,1,8,14,121,,
2.4.5,ABCO,2.8,351,1,8,10,81,,
2.4.5,ABCO,3.3,359,1,8,10,81,,
2.4.5,RIRO,3.3,9,2,30,55,1806.25,,
2.4.5,forb,,,,,,0,1,
2.4.5,gram,,,,,,0,0,
2.4.6,CEPR,1.7,230,4,40,50,2025,,
2.4.6,CEIN,2.4,270,4,330,320,105625,,
2.4.6,CEIN,3.3,301,4,200,150,30625,,
2.4.6,CEIN,2.9,321,4,200,200,40000,,
2.4.6,CEIN,4,313,4,90,95,8556.25,,
2.4.6,CEIN,3.6,355,4,300,20,25600,,
2.4.6,CEIN,4,13,4,120,140,16900,,
2.4.6,CEIN,3.1,15,4,110,120,13225,,
2.4.6,CEIN,2.8,62,4,200,260,52900,,
2.4.6,CEIN,1.6,49,3,90,110,10000,,
2.4.6,CEIN,2,108,4,150,180,27225,,
2.4.6,CEIN,3.3,102,4,140,160,22500,,
2.4.6,CEIN,1.4,168,4,130,130,16900,,
2.4.6,CEIN,1.6,196,4,100,115,11556.25,,
2.4.6,CEIN,3.7,161,4,155,160,24806.25,,
2.4.6,CEIN,4.1,179,2,50,35,1806.25,,
2.4.6,CEIN,4,196,4,200,140,28900,,
2.4.6,forb,,,,,,0,1,
2.4.6,gram,,,,,,0,1,
3.1.1,PIPO,2.4,105,1,6,6,36,,
3.1.1,forb,,,,,,0,1,
3.1.1,gram,,,,,,0,1,
3.1.2,CEIN,1.5,253,4,130,130,16900,,
3.1.2,CEIN,3.1,255,4,250,180,46225,,
3.1.2,ARPA,3.4,276,4,180,190,34225,,
3.1.2,QUKE,1.3,276,2,40,25,1056.25,,
3.1.2,CEIN,2.7,282,4,150,90,14400,,
3.1.2,CEIN,2.9,352,4,280,340,96100,,
3.1.2,CEIN,0.8,343,1,10,12,121,,
3.1.2,CEIN,3.3,76,4,200,230,46225,,
3.1.2,RIRO,4.1,80,1,60,40,2500,,
3.1.2,PILA,2.4,121,2,15,13,196,,
3.1.2,CEIN,3.3,152,4,200,220,44100,,
3.1.2,CEIN,4,196,4,150,170,25600,,
3.1.2,CEIN,2.3,205,1,7,10,72.25,,
3.1.2,PIPO,,,,,,0,,1
3.1.2,gram,,,,,,0,1,
3.1.2,forb,,,,,,0,2,
3.1.3,RIRO,2,290,3,80,45,3906.25,,
3.1.3,RIRO,2.1,2,3,190,140,27225,,
3.1.3,RIRO,3.3,2,2,60,30,2025,,
3.1.3,RIRO,0.6,80,1,5,3,16,,
3.1.3,QUKE,1.3,130,4,90,120,11025,,
3.1.3,ABCO,1.3,196,5,130,90,12100,,
3.1.3,ABCO,0.6,234,4,80,70,5625,,
3.1.3,ABCO,1.4,200,4,75,90,6806.25,,
3.1.3,ABCO,1.1,230,5,120,100,12100,,
3.1.3,RIRO,1.6,200,2,30,20,625,,
3.1.3,RIRO,1.2,258,2,40,20,900,,
3.1.3,RIRO,0.4,258,2,35,20,756.25,,
3.1.3,gram,,,,,,0,1,
3.1.3,forb,,,,,,0,3,
3.1.4,TODI,2.9,329,4,200,220,44100,,
3.1.4,TODI,3.1,4,2,22,18,400,,
3.1.4,RHPU,3.1,28,4,145,240,37056.25,,
3.1.4,CEIN,3.3,46,4,85,95,8100,,
3.1.4,TODI,3.5,92,2,110,50,6400,,
3.1.4,CEIN,3.9,108,4,160,145,23256.25,,
3.1.4,CEIN,3,150,4,290,190,57600,,
3.1.4,RHPU,4.1,119,4,270,175,49506.25,,
3.1.4,TODI,2.5,184,3,150,45,9506.25,,
3.1.4,RHPU,2.7,207,4,180,200,36100,,
3.1.4,CEIN,3.9,217,4,370,370,136900,,
3.1.4,TODI,2.1,287,3,55,65,3600,,
3.1.4,CEIN,4,305,4,370,350,129600,,
3.1.4,forb,,,,,,0,4,
3.1.4,gram,,,,,,0,6,
3.1.5,ARPA,1.6,343,4,250,230,57600,,
3.1.5,CECO,2.3,35,4,240,220,52900,,
3.1.5,ABCO,2.7,35,4,40,40,1600,,
3.1.5,ARPA,3.9,72,4,400,480,193600,,
3.1.5,ABCO,0.3,60,3,40,40,1600,,
3.1.5,ABCO,0.7,60,3,35,35,1225,,
3.1.5,ABCO,0.7,60,3,45,40,1806.25,,
3.1.5,ABCO,0.9,60,3,35,40,1406.25,,
3.1.5,ABCO,1.1,92,3,60,45,2756.25,,
3.1.5,ABCO,1.7,120,2,35,35,1225,,
3.1.5,ABCO,2.2,120,4,60,65,3906.25,,
3.1.5,ABCO,2.3,120,3,30,30,900,,
3.1.5,ABCO,2.5,120,3,45,55,2500,,
3.1.5,PILA,3.3,123,2,40,25,1056.25,,
3.1.5,RIRO,3.9,143,1,25,30,756.25,,
3.1.5,forb,,,,,,0,0,
3.1.5,gram,,,,,,0,1,
3.1.6,CECO,3.9,109,4,140,140,19600,,
3.1.6,ARPA,3.8,149,4,180,220,40000,,
3.1.6,CECO,3.8,149,3,170,160,27225,,
3.1.6,ARPA,3.3,174,4,175,250,45156.25,,
3.1.6,CECO,2.5,166,3,95,85,8100,,
3.1.6,CECO,1.9,235,3,120,150,18225,,
3.1.6,CECO,2.8,184,2,90,50,4900,,
3.1.6,CECO,3.4,283,3,150,220,34225,,
3.1.6,ABCO,2.3,344,1,14,10,144,,
3.1.6,forb,,,,,,0,0,
3.1.6,gram,,,,,,0,0,
3.2.1,CEIN,2.5,115,3,60,35,2256.25,,
3.2.1,CEIN,1.3,118,3,50,45,2256.25,,
3.2.1,CEIN,4.1,126,4,160,130,21025,,
3.2.1,CEIN,3.4,121,3,50,60,3025,,
3.2.1,CEIN,3.3,132,3,30,30,900,,
3.2.1,CEIN,3.1,135,1,20,18,361,,
3.2.1,CEIN,2.5,140,1,10,10,100,,
3.2.1,CEIN,3.9,16,2,11,11,121,,
3.2.1,CEIN,3.9,171,1,10,10,100,,
3.2.1,CEIN,3.6,171,2,10,20,225,,
3.2.1,CEIN,3.4,171,1,10,8,81,,
3.2.1,CEIN,3.3,164,2,10,20,225,,
3.2.1,CEIN,2.5,170,1,8,8,64,,
3.2.1,CEIN,1.3,170,1,8,9,72.25,,
3.2.1,CEIN,4.1,177,2,5,30,306.25,,
3.2.1,CEIN,3.9,177,2,40,44,1764,,
3.2.1,CEIN,3.9,180,1,17,25,441,,
3.2.1,CEIN,3.8,181,2,5,25,225,,
3.2.1,CEIN,3.7,170,2,12,19,240.25,,
3.2.1,CEIN,3.5,170,1,4,4,16,,
3.2.1,CEIN,3.7,178,1,2,2,4,,
3.2.1,CEIN,3.8,179,1,4,2,9,,
3.2.1,CEIN,3.9,182,1,2,2,4,,
3.2.1,CEIN,3.3,180,1,3,1,4,,
3.2.1,CEIN,3.3,180,1,4,3,12.25,,
3.2.1,CEIN,3.3,180,1,4,4,16,,
3.2.1,CEIN,3.4,180,1,8,10,81,,
3.2.1,CEIN,3,178,1,5,4,20.25,,
3.2.1,CEIN,3.3,182,1,10,15,156.25,,
3.2.1,CEIN,4.1,186,1,4,12,64,,
3.2.1,CEIN,4.1,190,1,8,12,100,,
3.2.1,CEIN,3.8,198,3,80,90,7225,,
3.2.1,CEIN,3.1,191,1,18,12,225,,
3.2.1,CEIN,3,194,1,5,4,20.25,,
3.2.1,QUKE,3.2,205,1,18,20,361,,
3.2.1,CEIN,2.8,210,1,6,4,25,,
3.2.1,CEIN,2.5,212,3,100,75,7656.25,,
3.2.1,PILA,3.1,215,1,6,6,36,,
3.2.1,CEIN,2,212,1,3,6,20.25,,
3.2.1,CEIN,2.9,230,1,7,8,56.25,,
3.2.1,CEIN,1.5,230,1,4,4,16,,
3.2.1,CEIN,1.9,245,1,4,8,36,,
3.2.1,CEIN,3.8,318,1,6,6,36,,
3.2.1,CEIN,3.6,323,1,4,4,16,,
3.2.1,CEIN,3.7,360,3,60,60,3600,,
3.2.1,gram,,,,,,0,1,
3.2.1,forb,,,,,,0,1,
3.2.2,CEIN,3.5,70,1,15,8,132.25,,
3.2.2,RIRO,3.8,68,1,8,4,36,,
3.2.2,RIRO,4,70,1,9,5,49,,
3.2.2,CEIN,1.5,70,1,10,35,506.25,,
3.2.2,CEIN,1.1,70,1,20,38,841,,
3.2.2,CEIN,0.8,67,2,30,20,625,,
3.2.2,CEIN,1.4,90,1,12,38,625,,
3.2.2,CEIN,1.6,90,1,20,30,625,,
3.2.2,CEIN,1.9,100,1,4,4,16,,
3.2.2,CEIN,2,115,1,20,8,196,,
3.2.2,CEIN,1.9,125,2,40,14,729,,
3.2.2,RIRO,1.3,130,2,15,15,225,,
3.2.2,CEIN,1.5,130,1,8,5,42.25,,
3.2.2,CEIN,2.9,125,1,38,40,1521,,
3.2.2,CEIN,2.6,125,2,30,30,900,,
3.2.2,CEIN,2.7,127,1,8,8,64,,
3.2.2,CEIN,2.5,127,1,25,30,756.25,,
3.2.2,CEIN,2.4,129,1,20,30,625,,
3.2.2,CEIN,1.8,132,2,40,43,1722.25,,
3.2.2,CEIN,1.9,135,2,60,38,2401,,
3.2.2,CEIN,2.4,135,1,30,12,441,,
3.2.2,CEIN,2.2,150,2,20,30,625,,
3.2.2,CEIN,2.3,148,1,18,17,306.25,,
3.2.2,CEIN,2.5,150,1,32,33,1056.25,,
3.2.2,CEIN,3,143,1,45,25,1225,,
3.2.2,CEIN,2.6,155,1,30,15,506.25,,
3.2.2,CEIN,2.2,158,1,12,40,676,,
3.2.2,CEIN,3.4,155,2,50,40,2025,,
3.2.2,CEIN,3.6,158,2,20,12,256,,
3.2.2,CEIN,3.6,160,1,5,15,100,,
3.2.2,CEIN,4.1,145,1,20,14,289,,
3.2.2,CEIN,3.9,145,1,4,18,121,,
3.2.2,CEIN,3.6,145,1,4,22,169,,
3.2.2,CEIN,4,140,1,6,10,64,,
3.2.2,CEIN,3.5,168,2,20,30,625,,
3.2.2,CEIN,3.7,168,1,6,12,81,,
3.2.2,CEIN,3.5,170,2,30,20,625,,
3.2.2,CEIN,3.5,172,1,60,40,2500,,
3.2.2,CEIN,4,190,1,8,10,81,,
3.2.2,CEIN,3.5,195,1,12,30,441,,
3.2.2,CEIN,2.9,195,1,6,12,81,,
3.2.2,CEIN,2.9,196,1,6,18,144,,
3.2.2,CEIN,3.7,200,1,6,22,196,,
3.2.2,CEIN,2.9,204,1,6,50,784,,
3.2.2,PILA,1.7,189,1,5,3,16,,
3.2.2,CEIN,1.7,189,1,3,3,9,,
3.2.2,CEIN,3.9,223,1,15,40,756.25,,
3.2.2,CEIN,3.2,223,1,40,20,900,,
3.2.2,CEIN,4.1,230,1,35,40,1406.25,,
3.2.2,CEIN,3.7,232,1,40,25,1056.25,,
3.2.2,CEIN,3.4,233,1,30,16,529,,
3.2.2,CEIN,3,243,2,45,60,2756.25,,
3.2.2,CEIN,2.2,245,1,60,40,2500,,
3.2.2,CEIN,2,245,1,30,20,625,,
3.2.2,CEIN,2.4,245,1,6,12,81,,
3.2.2,CEIN,2.5,245,1,4,4,16,,
3.2.2,CEIN,2.2,248,1,25,40,1056.25,,
3.2.2,CEIN,3.7,255,1,40,25,1056.25,,
3.2.2,CEIN,3.1,257,2,40,25,1056.25,,
3.2.2,CEIN,3.4,260,1,40,15,756.25,,
3.2.2,CEIN,3.1,262,2,35,55,2025,,
3.2.2,RIRO,3.6,260,1,4,6,25,,
3.2.2,RIRO,2.9,282,1,8,2,25,,
3.2.2,CEIN,2.7,282,1,4,4,16,,
3.2.2,CEIN,2.8,287,1,2,4,9,,
3.2.2,CEVU?,3.8,320,1,12,10,121,,
3.2.2,CEIN,3,333,1,17,45,961,,
3.2.2,CEIN,3.5,333,1,15,30,506.25,,
3.2.2,CEIN,3.6,333,1,12,20,256,,
3.2.2,CEIN,3.9,333,1,19,12,240.25,,
3.2.2,CEIN,4,340,1,20,8,196,,
3.2.2,CEIN,3.3,342,1,40,35,1406.25,,
3.2.2,CEIN,2.9,342,1,13,20,272.25,,
3.2.2,CEIN,3.2,342,1,20,40,900,,
3.2.2,CEIN,3.6,347,2,30,30,900,,
3.2.2,CEIN,3.3,350,1,16,20,324,,
3.2.2,CEIN,3.9,360,1,10,20,225,,
3.2.2,CEIN,2.7,2,1,30,15,506.25,,
3.2.2,CEIN,2.3,10,1,20,20,400,,
3.2.2,CEIN,2.9,13,1,40,50,2025,,
3.2.2,CEIN,3.2,16,1,17,22,380.25,,
3.2.2,CEIN,3.3,20,1,3,3,9,,
3.2.2,ARUV,3.4,25,1,2,1,2.25,,
3.2.2,CEIN,2.7,30,1,20,18,361,,
3.2.2,CEIN,2.1,33,2,30,20,625,,
3.2.2,RIRO,3,27,1,3,2,6.25,,
3.2.2,PILA,3.5,42,1,6,6,36,,
3.2.2,CEIN,1.5,25,1,12,25,342.25,,
3.2.2,CEIN,1.5,22,1,32,15,552.25,,
3.2.2,gram,,,,,,0,1,
3.2.2,forb,,,,,,0,1,
3.2.3,ARPA,2.4,303,4,253,180,46872.25,,
3.2.3,CEIN,2.5,220,4,313,230,73712.25,,
3.2.3,CEIN,1.1,345,4,110,130,14400,,
3.2.3,CEIN,2.8,345,4,180,200,36100,,
3.2.3,CEIN,3.1,340,4,170,130,22500,,
3.2.3,CEIN,3.5,220,4,210,130,28900,,
3.2.3,RIRO,0.5,113,1,20,5,156.25,,
3.2.3,CEIN,2.3,144,4,180,150,27225,,
3.2.3,CEIN,3.9,142,4,130,140,18225,,
3.2.3,RIRO,0.8,79,1,50,40,2025,,
3.2.3,ARPA,3,80,4,200,300,62500,,
3.2.3,CEIN,3.9,22,4,230,190,44100,,
3.2.3,forb,,,,,,0,2,
3.2.3,gram,,,,,,0,1,
3.2.4,ABCO,2.7,270,1,25,30,756.25,,
3.2.4,QUKE,3.1,272,1,25,15,400,,
3.2.4,PILA,3.7,85,1,10,10,100,,
3.2.4,ABCO,3.9,156,1,10,10,100,,
3.2.4,ABCO,3.6,156,1,5,5,25,,
3.2.4,ABCO,3.9,151,1,10,10,100,,
3.2.4,PSME,4,149,1,5,5,25,,
3.2.4,ABCO,4.2,147,1,10,10,100,,
3.2.4,ABCO,4.2,154,1,10,10,100,,
3.2.5,CECO,3.1,74,4,160,180,28900,,
3.2.5,CECO,3.9,103,4,150,170,25600,,
3.2.5,CECO,2.9,166,1,95,90,8556.25,,
3.2.5,CECO,3.3,163,1,30,20,625,,
3.2.5,CECO,3.6,165,2,65,55,3600,,
3.2.5,ARPA,4.1,194,1,8,8,64,,
3.2.5,CECO,3,220,2,105,130,13806.25,,
3.2.5,CECO,1.1,194,2,85,95,8100,,
3.2.5,PILA,2.4,316,4,65,90,6006.25,,
3.2.5,PILA,2.9,328,5,95,90,8556.25,,
3.2.5,CECO,2.6,13,3,130,130,16900,,
3.2.6,ABCO,2.7,213,1,8,10,81,,
3.2.6,CECO,3.2,255,2,95,80,7656.25,,
3.2.6,CECO,3.8,250,1,50,10,900,,
3.2.6,CEPR,3.9,289,1,35,30,1056.25,,
3.2.6,CEPR,2.1,300,1,35,35,1225,,
3.2.6,CECO,2,300,1,10,10,100,,
3.2.6,QUKE,3.1,311,1,12,15,182.25,,
3.2.6,CECO,3.5,314,1,30,30,900,,
3.2.6,CECO,4.1,316,1,70,65,4556.25,,
3.2.6,PSME,2.8,343,1,15,15,225,,
3.2.6,CEPR,2.1,343,1,30,30,900,,
3.2.6,CECO,2.8,60,1,65,30,2256.25,,
3.2.6,CECO,1.8,78,1,30,25,756.25,,
3.2.6,CECO,2.4,82,2,120,110,13225,,
3.2.6,CECO,3.5,78,2,55,50,2756.25,,
3.2.6,CECO,3.4,103,2,60,70,4225,,
3.2.6,CECO,3.9,110,2,75,65,4900,,
3.2.6,CECO,3,118,2,130,70,10000,,
3.2.6,CECO,1.5,131,3,140,160,22500,,
3.2.6,CECO,3.3,133,2,90,110,10000,,
3.2.6,CECO,2.2,169,2,90,90,8100,,
3.2.6,forb,,,,,,0,1,
3.2.6,gram,,,,,,0,0,
3.3.2,CEIN,0.7,107,1,60,60,3600,,
3.3.2,CEIN,3.3,95,3,50,60,3025,,
3.3.2,RIRO,3.1,95,2,60,50,3025,,
3.3.2,CEIN,3.8,107,3,100,90,9025,,
3.3.2,CEIN,3.7,116,3,130,110,14400,,
3.3.2,CEIN,4,132,3,100,90,9025,,
3.3.2,CEIN,2.6,138,4,120,140,16900,,
3.3.2,CEIN,3.8,145,1,60,40,2500,,
3.3.2,CEIN,4,145,3,70,80,5625,,
3.3.2,CEIN,3.4,160,1,40,40,1600,,
3.3.2,CEIN,2.7,160,3,80,100,8100,,
3.3.2,RIRO,2.3,160,3,80,90,7225,,
3.3.2,CEPR,0.7,162,1,30,40,1225,,
3.3.2,CEIN,1.1,216,3,100,120,12100,,
3.3.2,CEIN,3.7,193,4,130,140,18225,,
3.3.2,RIRO,3.9,213,2,70,100,7225,,
3.3.2,CEIN,3.3,235,4,150,260,42025,,
3.3.2,CEVE,3.5,253,2,60,60,3600,,
3.3.2,CEIN,4,253,4,90,110,10000,,
3.3.2,ARPA,3.8,262,4,80,80,6400,,
3.3.2,CEIN,3.5,262,4,120,110,13225,,
3.3.2,CEIN,2.6,274,4,140,160,22500,,
3.3.2,CEIN,3.1,293,1,13,20,272.25,,
3.3.2,CEIN,3.2,295,1,9,12,110.25,,
3.3.2,CEIN,2.8,312,1,28,30,841,,
3.3.2,CEIN,3.1,320,1,30,30,900,,
3.3.2,CEIN,3.2,327,3,30,35,1056.25,,
3.3.2,CEIN,3.3,329,1,25,35,900,,
3.3.2,CEIN,3.5,326,1,15,25,400,,
3.3.2,CEIN,3.1,330,2,35,60,2256.25,,
3.3.2,CEIN,3.7,330,1,15,25,400,,
3.3.2,CEIN,1.7,335,2,25,30,756.25,,
3.3.2,CEIN,1.8,345,3,70,80,5625,,
3.3.2,ARPA,2.3,345,1,13,15,196,,
3.3.2,CEIN,2.5,345,2,45,40,1806.25,,
3.3.2,CEIN,3.8,42,1,20,30,625,,
3.3.2,CEIN,0.4,18,2,40,70,3025,,
3.3.2,CEIN,0.8,45,2,70,90,6400,,
3.3.2,forb,,,,,,0,1,
3.3.2,gram,,,,,,0,0,
3.3.3,RUPA,3,184,1,15,12,182.25,,
3.3.3,RIRO,3.8,162,1,75,20,2256.25,,
3.3.3,RIRO,3.4,160,1,5,8,42.25,,
3.3.3,RIRO,3.6,159,2,50,50,2500,,
3.3.3,RIRO,3.8,157,2,40,40,1600,,
3.3.3,CEIN,3.8,154,2,40,50,2025,,
3.3.3,CEIN,3.7,147,2,75,60,4556.25,,
3.3.3,CEIN,3,150,1,25,10,306.25,,
3.3.3,CEIN,3.1,120,4,170,200,34225,,
3.3.3,CEIN,4.1,120,1,50,40,2025,,
3.3.3,CEIN,2.1,86,2,80,60,4900,,
3.3.3,CEIN,2.8,82,2,120,110,13225,,
3.3.3,RIRO,3.5,100,2,53,35,1936,,
3.3.3,RIRO,3.7,100,2,35,25,900,,
3.3.3,CEIN,4,103,2,80,110,9025,,
3.3.3,CEIN,3.3,68,2,50,45,2256.25,,
3.3.3,RIRO,3.5,48,2,50,40,2025,,
3.3.3,RIRO,1.9,30,2,33,65,2401,,
3.3.3,CEIN,2.3,14,1,30,30,900,,
3.3.3,RIRO,2.3,3,3,62,75,4692.25,,
3.3.3,RIRO,4,306,1,40,30,1225,,
3.3.3,CEIN,3.2,300,2,55,50,2756.25,,
3.3.3,CEIN,3.8,276,2,110,85,9506.25,,
3.3.3,CEIN,2.6,257,2,60,70,4225,,
3.3.3,CEIN,1.8,281,3,115,75,9025,,
3.3.3,CEIN,1.8,300,2,110,80,9025,,
3.3.3,RIRO,1.4,220,1,10,5,56.25,,
3.3.3,RIRO,2.1,202,1,12,4,64,,
3.3.3,forb,,,,,,0,5,
3.3.3,gram,,,,,,0,1,
3.3.4,CEIN,0.9,222,1,50,12,961,,
3.3.4,CEIN,1.3,217,1,25,10,306.25,,
3.3.4,CEIN,1.7,213,1,30,15,506.25,,
3.3.4,CEIN,1.9,262,1,10,5,56.25,,
3.3.4,CEIN,3.1,280,4,230,240,55225,,
3.3.4,CEIN,3.7,297,4,230,190,44100,,
3.3.4,CEIN,3.3,313,4,210,140,30625,,
3.3.4,CEIN,3.4,32,4,220,190,42025,,
3.3.4,CEIN,0.9,287,2,20,25,506.25,,
3.3.4,CEIN,3,132,4,230,200,46225,,
3.3.4,CEIN,3.8,153,4,220,230,50625,,
3.3.4,forb,,,,,,0,1,
3.3.4,gram,,,,,,0,1,
3.3.5,CEIN,3.6,165,4,195,195,38025,,
3.3.5,RIRO,2.4,175,1,25,20,506.25,,
3.3.5,SYMO,2.8,196,2,115,105,12100,,
3.3.5,SYMO,1.4,194,2,160,110,18225,,
3.3.5,RIRO,0.9,214,1,25,30,756.25,,
3.3.5,SYMO,2,219,2,170,125,21756.25,,
3.3.5,CEIN,1,220,1,22,6,196,,
3.3.5,RIRO,3,219,1,17,15,256,,
3.3.5,RIRO,2.7,227,2,10,25,306.25,,
3.3.5,CEIN,3.5,9,1,10,12,121,,
3.3.5,CEIN,3.9,236,1,10,15,156.25,,
3.3.5,CEIN,3.9,245,1,4,5,20.25,,
3.3.5,CEIN,3.8,250,1,10,20,225,,
3.3.5,CEIN,3.4,250,1,30,12,441,,
3.3.5,CEIN,3.6,257,2,30,20,625,,
3.3.5,RIRO,2.9,257,1,12,25,342.25,,
3.3.5,SYMO,3.8,260,1,130,120,15625,,
3.3.5,SYMO,3.8,276,1,100,115,11556.25,,
3.3.5,CEIN,2.1,274,2,40,30,1225,,
3.3.5,CEIN,1.9,276,2,45,35,1600,,
3.3.5,CEIN,1.8,290,2,35,35,1225,,
3.3.5,CEIN,0.8,290,1,30,20,625,,
3.3.5,CEIN,1.1,310,2,40,25,1056.25,,
3.3.5,CEIN,2.9,310,1,40,25,1056.25,,
3.3.5,CEIN,1.9,331,1,15,20,306.25,,
3.3.5,ARPA,2,350,1,15,10,156.25,,
3.3.5,CEIN,1.4,355,1,12,12,144,,
3.3.5,CEIN,1.5,360,1,12,20,256,,
3.3.5,CEIN,2.4,10,1,25,40,1056.25,,
3.3.5,CEIN,2.1,15,1,45,15,900,,
3.3.5,CEIN,2.4,15,1,20,25,506.25,,
3.3.5,CEIN,3.2,24,1,35,45,1600,,
3.3.5,CEIN,3.6,24,2,35,30,1056.25,,
3.3.5,RIRO,3.3,28,1,35,35,1225,,
3.3.5,CEIN,3.9,28,1,25,45,1225,,
3.3.5,CEIN,3.4,55,4,200,220,44100,,
3.3.5,CEIN,2.2,43,2,55,30,1806.25,,
3.3.5,CEIN,1.2,71,1,80,75,6006.25,,
3.3.5,CEIN,0.9,32,2,65,50,3306.25,,
3.3.5,CEIN,3.1,84,3,140,100,14400,,
3.3.5,forb,,,,,,0,1,
3.3.5,gram,,,,,,0,0,
3.3.6,CEIN,3.4,56,1,35,45,1600,,
3.3.6,CEIN,2.9,58,1,70,50,3600,,
3.3.6,CEIN,2.6,70,2,110,60,7225,,
3.3.6,CEIN,3.7,70,1,12,8,100,,
3.3.6,CEIN,3.8,81,2,40,20,900,,
3.3.6,PILA,3.3,90,1,10,10,100,,
3.3.6,CEIN,2.7,95,1,50,65,3306.25,,
3.3.6,CEIN,3.9,97,1,25,15,400,,
3.3.6,CEIN,3,100,2,60,25,1806.25,,
3.3.6,CEIN,1.6,99,1,30,20,625,,
3.3.6,CEIN,1.6,118,2,55,50,2756.25,,
3.3.6,CEIN,2.1,118,2,40,20,900,,
3.3.6,CEIN,3,120,2,50,75,3906.25,,
3.3.6,CEIN,2.2,130,1,35,40,1406.25,,
3.3.6,CEIN,0.5,137,2,50,30,1600,,
3.3.6,CEIN,1.6,145,2,45,45,2025,,
3.3.6,CEIN,3.2,149,2,100,75,7656.25,,
3.3.6,CEIN,3.6,159,2,35,45,1600,,
3.3.6,CEIN,2.3,152,3,100,80,8100,,
3.3.6,CEIN,3.9,167,2,50,50,2500,,
3.3.6,CEIN,3.1,170,2,70,55,3906.25,,
3.3.6,CEIN,2.3,180,3,115,100,11556.25,,
3.3.6,PILA,1.5,168,1,12,10,121,,
3.3.6,CEIN,1.5,170,2,60,40,2500,,
3.3.6,CEIN,3.6,185,1,50,50,2500,,
3.3.6,CEIN,2.6,210,2,95,100,9506.25,,
3.3.6,PILA,3.1,211,1,15,12,182.25,,
3.3.6,CEIN,3.5,221,2,120,110,13225,,
3.3.6,CEIN,3.8,237,2,45,120,6806.25,,
3.3.6,CEIN,2.6,234,2,60,45,2756.25,,
3.3.6,CEIN,3,245,2,70,50,3600,,
3.3.6,CEPR,3.4,248,1,50,30,1600,,
3.3.6,CEIN,4,248,2,45,50,2256.25,,
3.3.6,CEIN,2,253,2,35,30,1056.25,,
3.3.6,CEIN,3.4,265,1,55,30,1806.25,,
3.3.6,CEIN,1.8,275,2,95,70,6806.25,,
3.3.6,CEIN,2.5,275,1,25,20,506.25,,
3.3.6,CEIN,2.9,275,1,25,20,506.25,,
3.3.6,CEIN,3,291,2,45,45,2025,,
3.3.6,CEIN,1.8,295,3,80,30,3025,,
3.3.6,QUKE,3.8,318,4,55,100,6006.25,,
3.3.6,forb,,,,,,0,3,
3.3.6,gram,,,,,,0,1,
3.4.1,PIPO,1.1,35,1,8,9,72.25,,
3.4.1,CECO,3,257,4,340,260,90000,,
3.4.1,CECO,3.2,291,2,80,120,10000,,
3.4.1,CECO,4,294,2,90,80,7225,,
3.4.1,gram,,,,,,0,0,
3.4.1,forb,,,,,,0,2,
3.4.1,ABCO,,,,,,0,,4
3.4.2,CEIN,1.6,135,4,160,190,30625,,
3.4.2,CEIN,4,135,3,70,80,5625,,
3.4.2,CEIN,3.4,170,3,50,80,4225,,
3.4.2,CEIN,3.2,218,3,100,82,8281,,
3.4.2,CEIN,3.1,238,4,300,210,65025,,
3.4.2,CEIN,3.7,249,2,30,30,900,,
3.4.2,CEIN,3.8,251,2,20,30,625,,
3.4.2,CEIN,3.6,253,2,30,30,900,,
3.4.2,CEIN,3.1,253,2,40,50,2025,,
3.4.2,CEIN,2.4,260,3,130,120,15625,,
3.4.2,CEIN,3.4,271,4,100,170,18225,,
3.4.2,CEIN,2.2,274,3,140,130,18225,,
3.4.2,CEIN,3.1,275,2,50,60,3025,,
3.4.2,CEIN,3.2,280,2,60,100,6400,,
3.4.2,CEIN,3.7,280,3,60,110,7225,,
3.4.2,CEIN,3.2,300,2,50,75,3906.25,,
3.4.2,CEIN,4,305,3,60,120,8100,,
3.4.2,CEIN,3.8,330,3,100,30,4225,,
3.4.2,CEIN,2.7,330,3,100,80,8100,,
3.4.2,CEIN,2.2,335,3,100,100,10000,,
3.4.2,CEIN,2.8,355,4,140,130,18225,,
3.4.2,CEIN,3.5,55,4,380,360,136900,,
3.4.2,CEIN,2.2,105,3,220,150,34225,,
3.4.2,forb,,,,,,0,3,
3.4.2,gram,,,,,,0,0,
3.4.3,PILA,1.7,95,1,7,10,72.25,,
3.4.3,CEIN,4,58,2,60,30,2025,,
3.4.3,CEIN,2.6,18,3,45,80,3906.25,,
3.4.3,CEIN,1.3,360,2,60,70,4225,,
3.4.3,CEIN,3.1,352,2,80,125,10506.25,,
3.4.3,RIRO,2.8,360,3,60,50,3025,,
3.4.3,CEIN,3.1,350,2,90,60,5625,,
3.4.3,CEIN,3.5,350,2,85,90,7656.25,,
3.4.3,CEIN,3.1,330,2,135,120,16256.25,,
3.4.3,CEPR,2.3,324,1,40,30,1225,,
3.4.3,CEIN,1.9,320,3,70,90,6400,,
3.4.3,CEIN,1.7,318,3,130,160,21025,,
3.4.3,CEIN,1.3,323,2,50,60,3025,,
3.4.3,CEIN,0.8,317,4,94,90,8464,,
3.4.3,CEIN,2.1,288,1,25,30,756.25,,
3.4.3,CEIN,2.6,288,4,190,190,36100,,
3.4.3,CEIN,3.7,300,3,50,40,2025,,
3.4.3,unk willow,4.1,273,2,25,35,900,,
3.4.3,CEIN,3.3,253,4,130,105,13806.25,,
3.4.3,CEIN,1.7,210,4,192,170,32761,,
3.4.3,CEIN,2.4,185,3,120,120,14400,,
3.4.3,RIRO,3.4,150,1,40,75,3306.25,,
3.4.3,unk willow,3.5,131,2,30,10,400,,
3.4.3,forb,,,,,,0,4,
3.4.3,grams,,,,,,0,2,
3.4.4,CECO,2.6,146,3,120,135,16256.25,,
3.4.4,CECO,3.2,166,1,10,18,196,,
3.4.4,CECO,2.4,172,2,130,100,13225,,
3.4.4,CECO,3.9,230,2,65,50,3306.25,,
3.4.4,CECO,2.6,251,4,200,260,52900,,
3.4.4,CECO,3.2,229,1,65,95,6400,,
3.4.4,ARPA,1,255,1,20,20,400,,
3.4.4,CECO,1.4,268,1,35,40,1406.25,,
3.4.4,ARPA,2.4,268,1,20,25,506.25,,
3.4.4,CECO,2.9,279,1,70,90,6400,,
3.4.4,CECO,1.2,284,1,70,70,4900,,
3.4.4,CECO,4,282,1,55,95,5625,,
3.4.4,CECO,3.4,290,1,55,70,3906.25,,
3.4.4,CECO,3.5,304,2,70,90,6400,,
3.4.4,CECO,2.7,340,4,340,260,90000,,
3.4.4,ARPA,0.7,346,1,30,30,900,,
3.4.4,CECO,3.9,322,1,40,50,2025,,
3.4.4,CECO,0.4,58,1,40,45,1806.25,,
3.4.4,CECO,3.5,67,2,95,120,11556.25,,
3.4.4,CECO,3.2,90,2,135,105,14400,,
3.4.4,CECO,3.2,112,4,210,225,47306.25,,
3.4.4,forb,,,,,,0,3,
3.4.4,gram,,,,,,0,1,
3.4.5,CECO,3.6,129,4,300,260,78400,,
3.4.5,CECO,3.4,177,4,320,260,84100,,
3.4.5,CECO,3,203,4,330,200,70225,,
3.4.5,CECO,2.9,240,4,320,340,108900,,
3.4.5,CECO,1.7,172,3,170,190,32400,,
3.4.5,CECO,2.1,280,3,150,180,27225,,
3.4.5,CECO,3.8,296,4,240,260,62500,,
3.4.5,CECO,3.7,321,4,140,140,19600,,
3.4.5,CECO,4.1,346,4,310,260,81225,,
3.4.5,CECO,3.4,55,4,300,320,96100,,
3.4.5,forb,,,,,,0,0,
3.4.5,gram,,,,,,0,0,
3.4.6,CEIN,2.1,276,3,80,95,7656.25,,
3.4.6,CEIN,2.7,290,1,20,15,306.25,,
3.4.6,CEIN,2.9,300,2,45,30,1406.25,,
3.4.6,CEIN,4.1,302,1,45,20,1056.25,,
3.4.6,CEIN,3.2,330,2,45,40,1806.25,,
3.4.6,CEIN,2.9,338,2,30,45,1406.25,,
3.4.6,CEIN,2.2,338,2,25,20,506.25,,
3.4.6,CEIN,2.8,346,2,45,15,900,,
3.4.6,CEIN,3.4,243,1,8,12,100,,
3.4.6,CEIN,2.2,350,2,45,30,1406.25,,
3.4.6,CEIN,2.6,357,1,12,10,121,,
3.4.6,CEIN,4,26,4,70,65,4556.25,,
3.4.6,CEIN,3.4,27,2,30,30,900,,
3.4.6,CEIN,2.5,35,2,35,40,1406.25,,
3.4.6,CEIN,3,53,4,200,180,36100,,
3.4.6,CEIN,2.8,60,1,18,12,225,,
3.4.6,CEIN,2.8,92,2,25,20,506.25,,
3.4.6,CEIN,2.4,92,1,20,18,361,,
3.4.6,CEIN,1.4,115,1,10,10,100,,
3.4.6,CEIN,1.7,116,1,25,12,342.25,,
3.4.6,CEIN,2,118,2,40,30,1225,,
3.4.6,CEIN,1.6,120,2,35,30,1056.25,,
3.4.6,CEIN,0.7,171,4,95,105,10000,,
3.4.6,forb,,,,,,0,5,
3.4.6,gram,,,,,,0,0,
4.1.1,CECO,2.5,178,4,122,128,15625,,
4.1.1,RIRO,0.5,265,3,25,37,961,,
4.1.1,RIRO,1.8,60,3,80,111,9120.25,,
4.1.1,RIRO,1.9,83,3,20,30,625,,
4.1.1,CECO,3.1,155,4,145,100,15006.25,,
4.1.1,GRAM,,,,,,0,1,
4.1.1,FORB,,,,,,0,1,
4.1.2,ARPA,3.4,30,4,100,120,12100,,
4.1.2,CECO,2.3,30,4,160,195,31506.25,,
4.1.2,CECO,2.9,75,4,250,250,62500,,
4.1.2,CECO,2.7,133,4,130,290,44100,,
4.1.2,CECO,2.7,270,4,395,270,110556.25,,
4.1.2,gram,,,,,,0,1,
4.1.2,forb,,,,,,0,1,
4.1.3,RIRO,2,190,2,110,75,8556.25,,
4.1.3,RIRO,4.1,185,2,40,30,1225,,
4.1.3,RIRO,3.1,185,1,3,2,6.25,,
4.1.3,RIRO,2.7,190,1,25,10,306.25,,
4.1.3,RIRO,1.8,240,2,48,30,1521,,
4.1.3,RIRO,1.9,225,1,6,8,49,,
4.1.3,ABCO,2.2,232,4,80,80,6400,,
4.1.3,RIRO,2,270,2,90,60,5625,,
4.1.3,ABCO,3.1,261,3,35,47,1681,,
4.1.3,ABCO,3.6,261,3,50,50,2500,,
4.1.3,ABCO,3.3,280,3,50,60,3025,,
4.1.3,ABCO,3,317,5,70,90,6400,,
4.1.3,PSME,3.7,317,5,90,80,7225,,
4.1.3,CECO,3.5,345,4,420,260,115600,,
4.1.3,PILA,2.3,346,5,90,80,7225,,
4.1.3,PILA,2.4,346,5,90,80,7225,,
4.1.3,PSME,2.8,355,5,80,140,12100,,
4.1.3,ARPA,2.5,8,4,90,100,9025,,
4.1.3,RIRO,2.5,8,2,40,20,900,,
4.1.3,ABCO,2.9,42,4,50,70,3600,,
4.1.3,PSME,1.4,42,3,50,45,2256.25,,
4.1.3,RIRO,0.9,45,1,50,40,2025,,
4.1.3,RIRO,0.8,80,3,140,80,12100,,
4.1.3,ABCO,1.4,65,3,60,50,3025,,
4.1.3,ABCO,1.7,60,1,10,25,306.25,,
4.1.3,ABCO,2.4,58,4,90,80,7225,,
4.1.3,PILA,2.1,85,11,12,10,121,,
4.1.3,PSME,2.8,85,4,70,70,4900,,
4.1.3,PILA,3.9,90,1,20,10,225,,
4.1.3,PILA,4.1,95,4,60,50,3025,,
4.1.3,ABCO,3.7,111,3,60,90,5625,,
4.1.3,PSME,2.7,115,4,100,80,8100,,
4.1.3,ABCO,2,115,5,80,80,6400,,
4.1.3,PSME,1.4,113,5,100,110,11025,,
4.1.3,ABCO,2.5,143,3,40,30,1225,,
4.1.3,RIRO,2.6,142,1,10,30,400,,
4.1.3,RIRO,3.1,130,2,90,60,5625,,
4.1.3,PSME,3.6,130,5,130,110,14400,,
4.1.3,ABCO,3.6,147,1,12,15,182.25,,
4.1.3,RIRO,3.4,147,2,110,60,7225,,
4.1.3,RIRO,4.1,132,2,60,50,3025,,
4.1.3,RIRO,3,163,2,80,60,4900,,
4.1.3,PILA,4,172,4,90,90,8100,,
4.1.3,PSME,4.1,182,4,50,40,2025,,
4.1.3,gram,,,,,,0,0,
4.1.3,forbs,,,,,,0,1,
4.1.4,ARPA,3,210,4,110,200,24025,,
4.1.4,CEVE,3.5,155,4,230,200,46225,,
4.1.4,CEVE,3.3,120,4,500,480,240100,,
4.1.4,RIRO,0.7,187,1,40,10,625,,
4.1.4,RIRO,1.3,74,2,110,60,7225,,
4.1.4,QUKE,3.1,41,1,12,14,169,,
4.1.4,RIRO,3.2,35,1,5,5,25,,
4.1.4,RIRO,3.4,36,1,5,5,25,,
4.1.4,RIRO,4,18,2,55,10,1056.25,,
4.1.4,CEVE,4,328,4,490,450,220900,,
4.1.4,QUKE,3,250,4,75,70,5256.25,,
4.1.4,QUKE,1.1,149,5,90,70,6400,,
4.1.4,QUKE,2.6,125,2,30,15,506.25,,
4.1.4,forb,,,,,,0,1,
4.1.4,gram,,,,,,0,0,
4.1.5,CEIN,3.5,330,4,65,65,4225,,
4.1.5,serrated,3.9,337,1,25,30,756.25,,
4.1.5,CEIN,1.7,5,4,110,115,12656.25,,
4.1.5,serrated,0.8,5,2,50,40,2025,,
4.1.5,serrated,1.1,24,2,55,35,2025,,
4.1.5,serrated,1.3,43,2,15,15,225,,
4.1.5,serrated,1.5,61,2,40,35,1406.25,,
4.1.5,CEIN,3.1,0,2,40,35,1406.25,,
4.1.5,CEIN,2.9,7,4,60,55,3306.25,,
4.1.5,CEIN,3.1,22,4,270,260,70225,,
4.1.5,CEIN,3.3,69,4,250,230,57600,,
4.1.5,CEIN,3.3,99,4,260,240,62500,,
4.1.5,CEIN,2.5,147,4,240,330,81225,,
4.1.5,CEIN,1.6,208,4,125,160,20306.25,,
4.1.5,CEIN,3.8,190,4,260,280,72900,,
4.1.5,serrated,3.4,171,3,55,70,3906.25,,
4.1.5,serrated,3.4,219,2,160,60,12100,,
4.1.5,CEIN,2,234,4,200,260,52900,,
4.1.5,serrated,3.4,234,4,125,110,13806.25,,
4.1.5,CEIN,4.1,262,4,80,70,5625,,
4.1.5,serrated,3.1,265,2,55,55,3025,,
4.1.5,serrated,2.3,265,4,140,65,10506.25,,
4.1.5,CEIN,2.4,290,3,65,55,3600,,
4.1.5,serrated,2.5,291,3,20,20,400,,
4.1.5,serrated,0.9,290,4,95,60,6006.25,,
4.1.5,CEIN,1.9,310,4,110,115,12656.25,,
4.1.5,CEIN,3.1,301,4,70,95,6806.25,,
4.1.5,forb,,,,,,0,1,
4.1.5,gram,,,,,,0,3,
4.1.6,ARPA,2.6,331,4,160,145,23256.25,,
4.1.6,CEIN,2.7,14,4,150,160,24025,,
4.1.6,CEIN,3.3,59,4,270,280,75625,,
4.1.6,CEIN,2.1,143,4,140,200,28900,,
4.1.6,CEIN,1.5,188,4,110,130,14400,,
4.1.6,CEIN,4,235,4,140,140,19600,,
4.1.6,forb,,,,,,0,1,
4.1.6,gram,,,,,,0,6,
4.2.1,CEIN,4,96,3,100,120,12100,,
4.2.1,CEIN,3.2,96,4,110,140,15625,,
4.2.1,CEIN,2.1,96,4,110,140,15625,,
4.2.1,CEIN,3.4,113,1,25,25,625,,
4.2.1,CEIN,3.7,127,1,20,20,400,,
4.2.1,CEIN,3.3,127,1,20,25,506.25,,
4.2.1,CEIN,3.6,160,4,120,85,10506.25,,
4.2.1,CEIN,3.4,180,4,120,110,13225,,
4.2.1,CEIN,3.9,196,4,90,70,6400,,
4.2.1,CEIN,3.2,105,4,80,110,9025,,
4.2.1,CEIN,2.8,190,4,80,140,12100,,
4.2.1,CEIN,3.8,200,4,80,90,7225,,
4.2.1,CEIN,2.9,210,4,65,80,5256.25,,
4.2.1,CEIN,2.2,204,4,85,100,8556.25,,
4.2.1,CEIN,2.6,226,4,80,50,4225,,
4.2.1,CEIN,2.6,233,4,180,150,27225,,
4.2.1,CEIN,3.2,240,4,50,70,3600,,
4.2.1,CEIN,3.7,280,3,80,90,7225,,
4.2.1,CEIN,3.1,310,3,80,40,3600,,
4.2.1,CEIN,3.1,320,4,150,95,15006.25,,
4.2.1,CEIN,2.3,6,1,20,12,256,,
4.2.1,CEIN,2.1,15,1,15,25,400,,
4.2.1,CEIN,2.7,38,1,15,10,156.25,,
4.2.1,CEIN,3.3,55,2,10,15,156.25,,
4.2.1,grams,,,,,,0,0,
4.2.1,forbs,,,,,,0,1,
4.2.2,QUKE,0.7,331,1,10,5,56.25,,
4.2.2,QUKE,2.9,292,1,12,7,90.25,,
4.2.2,CEIN,3.7,280,4,110,90,10000,,
4.2.2,CEIN,4,241,4,300,260,78400,,
4.2.2,RIRO,1.6,265,2,60,25,1806.25,,
4.2.2,CEIN,3.5,177,4,350,340,119025,,
4.2.2,CEIN,2.2,132,4,220,150,34225,,
4.2.2,ARPA,3.9,94,4,350,230,84100,,
4.2.2,CEIN,3.7,346,4,530,450,240100,,
4.2.2,ABCO,3.7,346,4,60,100,6400,,
4.2.2,forb,,,,,,0,2,
4.2.2,gram,,,,,,0,3,
4.2.3,CEVE,4.1,188,2,50,70,3600,,
4.2.3,RIRO,3.7,176,3,90,55,5256.25,,
4.2.3,RIRO,1.5,90,1,10,5,56.25,,
4.2.3,CEIN,2.6,110,2,120,70,9025,,
4.2.3,RIRO,2.9,83,2,20,15,306.25,,
4.2.3,RIRO,2.9,85,1,10,10,100,,
4.2.3,RIRO,3.7,80,1,60,30,2025,,
4.2.3,RIRO,3.6,96,2,55,60,3306.25,,
4.2.3,RIRO,3.6,78,1,20,15,306.25,,
4.2.3,CEVE,3.5,78,1,30,20,625,,
4.2.3,PIPO,,,,,,0,,1
4.2.3,CEIN,3.3,40,1,15,25,400,,
4.2.3,CECO,2.7,18,4,220,230,50625,,
4.2.3,CEIN,2.7,18,4,270,170,48400,,
4.2.3,CADE,2.6,35,3,45,20,1056.25,,
4.2.3,CECO,2,360,4,130,130,16900,,
4.2.3,RIRO,2.9,343,2,45,35,1600,,
4.2.3,RIRO,2.1,321,2,35,30,1056.25,,
4.2.3,CECO,3,290,2,85,70,6006.25,,
4.2.3,CEVE,4.1,304,2,40,45,1806.25,,
4.2.3,CEVE,3.9,290,1,20,35,756.25,,
4.2.3,CEVE,2.3,260,2,40,70,3025,,
4.2.3,QUKE,1.5,220,2,60,50,3025,,
4.2.3,gram,,,,,,0,0,
4.2.3,forb,,,,,,0,1,
4.2.4,CEIN,1.4,273,1,22,27,600.25,,
4.2.4,CEIN,3.1,345,4,200,205,41006.25,,
4.2.4,CEIN,4,2,3,95,95,9025,,
4.2.4,ARPA,3.4,5,3,50,65,3306.25,,
4.2.4,CEIN,2.7,8,2,65,95,6400,,
4.2.4,CEIN,1.8,7,1,10,15,156.25,,
4.2.4,ARPA,2,42,1,15,20,306.25,,
4.2.4,CEIN,4.1,36,4,250,220,55225,,
4.2.4,CEIN,2.6,63,4,150,140,21025,,
4.2.4,CEIN,3.5,82,4,100,135,13806.25,,
4.2.4,RIRO,2.9,135,2,25,35,900,,
4.2.4,CEIN,3.1,177,4,270,250,67600,,
4.2.4,RIRO,1,209,1,12,17,210.25,,
4.2.4,CEIN,1.2,209,1,8,12,100,,
4.2.4,CEIN,3.6,229,4,350,250,90000,,
4.2.4,CEIN,3.4,247,4,160,120,19600,,
4.2.4,forb,,,,,,0,4,
4.2.4,gram,,,,,,0,1,
4.2.5,CECO,3.8,353,4,180,240,44100,,
4.2.5,ARPA,3.4,0,4,75,90,6806.25,,
4.2.5,CECO,2.6,9,3,160,180,28900,,
4.2.5,ARPA,3.5,28,4,120,120,14400,,
4.2.5,CECO,3.2,60,4,260,250,65025,,
4.2.5,ARPA,3.2,60,4,190,180,34225,,
4.2.5,CECO,2,72,3,130,135,17556.25,,
4.2.5,ARPA,2.2,94,3,70,75,5256.25,,
4.2.5,ARPA,2.1,115,4,200,150,30625,,
4.2.5,ARPA,3.6,131,4,150,185,28056.25,,
4.2.5,ARPA,2.8,150,4,150,210,32400,,
4.2.5,ARPA,2.2,205,4,175,195,34225,,
4.2.5,CECO,3.8,221,4,215,220,47306.25,,
4.2.5,CECO,2.9,265,4,270,250,67600,,
4.2.5,forb,,,,,,0,0,
4.2.5,gram,,,,,,0,0,
2.4.6,CEIN,1.9,302,4,160,115,18906.25,,
2.4.6,CEIN,3.7,301,3,70,105,7656.25,,
2.4.6,CEIN,2.4,312,4,95,90,8556.25,,
2.4.6,RIRO,3.1,322,3,55,80,4556.25,,
2.4.6,RIRO,3,326,3,65,75,4900,,
2.4.6,CEIN,2.6,331,3,50,45,2256.25,,
2.4.6,RIRO,1.6,337,1,10,12,121,,
2.4.6,CEIN,4.1,350,4,75,55,4225,,
2.4.6,CEIN,2.8,353,4,100,90,9025,,
2.4.6,CEIN,3.2,2,4,100,100,10000,,
2.4.6,CEIN,3.6,10,3,70,60,4225,,
2.4.6,CEIN,4.1,22,2,30,30,900,,
2.4.6,CEIN,4,27,2,35,45,1600,,
2.4.6,CEIN,2.9,25,3,45,55,2500,,
2.4.6,CEIN,3.7,34,2,25,35,900,,
2.4.6,RIRO,3.9,42,1,10,10,100,,
2.4.6,CEIN,4.1,42,1,20,25,506.25,,
2.4.6,CEIN,1.8,36,4,180,180,32400,,
2.4.6,ARPA,1.6,63,2,45,55,2500,,
2.4.6,CEIN,1.7,65,2,30,40,1225,,
2.4.6,RIRO,2.2,106,1,25,30,756.25,,
2.4.6,RIRO,1.6,136,2,35,30,1056.25,,
2.4.6,RIRO,3.4,138,2,35,35,1225,,
2.4.6,CEIN,3.3,140,3,40,55,2256.25,,
2.4.6,CEIN,1.3,138,3,50,75,3906.25,,
2.4.6,CEIN,0.6,138,3,45,65,3025,,
2.4.6,RIRO,2.1,189,2,30,30,900,,
2.4.6,RIRO,1.7,199,2,60,55,3306.25,,
2.4.6,CHSE,2.1,198,2,45,40,1806.25,,
2.4.6,CHSE,1.6,200,2,12,12,144,,
2.4.6,CEIN,1.5,200,2,40,20,900,,
2.4.6,CHSE,1.7,214,2,45,50,2256.25,,
2.4.6,RIRO,1.7,228,2,45,25,1225,,
2.4.6,CEIN,2.9,243,4,230,230,52900,,
2.4.6,forb,,,,,,0,2,
2.4.6,gram,,,,,,0,2,
4.3.1,CECO,2.6,94,3,100,118,11881,,
4.3.1,QUKE,4.1,160,2,13,11,144,,
4.3.1,QUKE,3.3,168,2,13,15,196,,
4.3.1,CEPR,2.9,196,1,30,40,1225,,
4.3.1,CEPR,3.7,208,1,25,40,1056.25,,
4.3.1,CEPR,2.8,204,1,15,20,306.25,,
4.3.1,CECO,3,222,4,140,130,18225,,
4.3.1,CECO,2.3,222,2,25,40,1056.25,,
4.3.1,CECO,1.7,240,2,45,50,2256.25,,
4.3.1,CECO,4.2,242,2,25,35,900,,
4.3.1,CECO,2.2,253,3,50,80,4225,,
4.3.1,CEIN,1.9,307,3,30,40,1225,,
4.3.1,CECO,1.9,307,4,150,130,19600,,
4.3.1,CECO,3.8,339,4,170,140,24025,,
4.3.1,CECO,2.5,335,2,25,35,900,,
4.3.1,CECO,2.7,336,2,20,30,625,,
4.3.1,CECO,2,336,2,30,40,1225,,
4.3.1,CEIN,2,349,3,30,35,1056.25,,
4.3.1,QUKE,2.2,350,2,6,11,72.25,,
4.3.1,CECO,2.3,349,1,8,18,169,,
4.3.1,CECO,2.9,357,1,16,21,342.25,,
4.3.1,CEPR,3.4,358,1,50,17,1122.25,,
4.3.1,CEPR,3.1,7,1,30,25,756.25,,
4.3.1,CECO,3.3,9,2,30,25,756.25,,
4.3.1,CEIN,3.4,11,2,35,35,1225,,
4.3.1,CECO,2.8,12,4,120,130,15625,,
4.3.1,CECO,2.2,10,2,20,30,625,,
4.3.1,CECO,2.3,28,2,30,30,900,,
4.3.1,CECO,2,40,2,25,40,1056.25,,
4.3.1,CECO,2.1,57,2,80,50,4225,,
4.3.1,gram,,,,,,0,1,
4.3.1,forb,,,,,,0,1,
4.3.2,CECO,1.3,209,2,120,85,10506.25,,
4.3.2,RIRO,3.7,215,3,145,80,12656.25,,
4.3.2,CECO,2.6,250,1,85,110,9506.25,,
4.3.2,CECO,3.1,260,2,115,120,13806.25,,
4.3.2,CECO,3.4,265,1,55,40,2256.25,,
4.3.2,CECO,3.5,275,2,70,75,5256.25,,
4.3.2,CECO,3.5,285,1,75,65,4900,,
4.3.2,CECO,2.2,287,4,250,274,68644,,
4.3.2,CECO,3.4,307,2,95,95,9025,,
4.3.2,forb,,,,,,0,2,
4.3.2,gram,,,,,,0,0,
4.3.2,PIPO,,,,,,0,,4
4.3.3,CEIN,2.3,265,1,25,30,756.25,,
4.3.3,CEIN,2.4,170,1,8,10,81,,
4.3.3,CEIN,3.9,182,4,140,160,22500,,
4.3.3,CEIN,4.1,197,4,120,130,15625,,
4.3.3,CEIN,1.1,290,2,25,20,506.25,,
4.3.3,CEIN,1.5,290,4,170,90,16900,,
4.3.3,CEIN,2.1,290,4,160,180,28900,,
4.3.3,CEIN,3,273,4,130,180,24025,,
4.3.3,CEIN,4.1,278,4,100,110,11025,,
4.3.3,CEIN,3.4,288,4,140,120,16900,,
4.3.3,CEIN,3.6,295,4,110,150,16900,,
4.3.3,CEIN,1.4,84,1,15,20,306.25,,
4.3.3,CEIN,2,57,2,20,40,900,,
4.3.3,CEIN,2.6,50,2,55,30,1806.25,,
4.3.3,CEIN,3.3,50,1,30,35,1056.25,,
4.3.3,CEIN,3.1,45,1,20,12,256,,
4.3.3,CEIN,3.1,40,1,15,14,210.25,,
4.3.3,CEPR,3.5,42,1,60,30,2025,,
4.3.3,CEIN,3.5,42,2,40,55,2256.25,,
4.3.3,CEIN,4.1,25,2,45,50,2256.25,,
4.3.3,CEIN,3.2,78,3,40,75,3306.25,,
4.3.3,CEIN,1.7,132,2,40,35,1406.25,,
4.3.3,CEIN,2.9,115,1,35,10,506.25,,
4.3.3,CEIN,2.3,135,1,28,20,576,,
4.3.3,ARPA,3.1,132,1,10,5,56.25,,
4.3.3,CHSE,4,130,1,25,20,506.25,,
4.3.3,CEIN,4.2,130,1,20,20,400,,
4.3.3,forb,,,,,,0,1,
4.3.3,gram,,,,,,0,1,
4.3.4,CEIN,1.7,355,2,45,40,1806.25,,
4.3.4,RIRO,1.3,15,2,20,30,625,,
4.3.4,CEIN,2.5,36,4,285,190,56406.25,,
4.3.4,CEIN,0.6,36,1,5,2,12.25,,
4.3.4,CEIN,2.2,108,4,170,160,27225,,
4.3.4,ARPA,3,113,3,53,45,2401,,
4.3.4,ARPA,2,156,3,55,45,2500,,
4.3.4,CEIN,3.6,138,4,90,95,8556.25,,
4.3.4,CEIN,3.8,158,4,195,170,33306.25,,
4.3.4,CEIN,2.4,162,4,150,170,25600,,
4.3.4,ARPA,0.9,230,3,60,95,6006.25,,
4.3.4,RIRO,0.9,230,1,11,5,64,,
4.3.4,CEIN,0.9,228,1,35,20,756.25,,
4.3.4,ARPA,2.4,182,2,50,40,2025,,
4.3.4,CEIN,2.8,194,4,150,170,25600,,
4.3.4,ARPA,3.8,194,4,55,60,3306.25,,
4.3.4,CEIN,2.7,216,4,100,100,10000,,
4.3.4,CEIN,4.1,220,4,170,90,16900,,
4.3.4,CEIN,3,234,2,20,50,1225,,
4.3.4,CEIN,3.1,234,2,20,50,1225,,
4.3.4,CEIN,2.8,236,1,25,20,506.25,,
4.3.4,CEIN,2.4,244,4,175,130,23256.25,,
4.3.4,CEIN,2.9,244,1,12,15,182.25,,
4.3.4,CEIN,3,244,1,25,20,506.25,,
4.3.4,CEIN,3.3,244,1,20,23,462.25,,
4.3.4,CEIN,3,248,2,30,60,2025,,
4.3.4,CEIN,3.1,249,2,40,30,1225,,
4.3.4,RIRO,3.2,262,1,15,10,156.25,,
4.3.4,CEIN,2.4,272,4,264,205,54990.25,,
4.3.4,CEIN,3,295,2,30,40,1225,,
4.3.4,CEIN,3,300,2,55,70,3906.25,,
4.3.4,CEIN,2.4,308,1,30,25,756.25,,
4.3.4,CEIN,3,308,1,15,30,506.25,,
4.3.4,CEIN,2.4,309,2,30,20,625,,
4.3.4,CEIN,3.7,309,2,80,60,4900,,
4.3.4,CEIN,3.9,310,3,60,90,5625,,
4.3.4,CEIN,3.7,315,1,15,15,225,,
4.3.4,CEIN,3.8,318,2,55,50,2756.25,,
4.3.4,CEIN,3.5,318,2,25,10,306.25,,
4.3.4,CEIN,3.1,318,1,15,25,400,,
4.3.4,QUKE,0.7,239,3,39,50,1980.25,,
4.3.4,PIPO,1.2,112,1,5,5,25,,
4.3.4,forb,,,,,,0,2,
4.3.4,gram,,,,,,0,1,
4.3.5,CEIN,1.5,203,3,60,80,4900,,
4.3.5,CEIN,1.5,174,3,80,70,5625,,
4.3.5,RIRO,1.8,182,2,35,30,1056.25,,
4.3.5,CEIN,2,182,3,105,90,9506.25,,
4.3.5,CEIN,3.5,188,4,270,250,67600,,
4.3.5,CEIN,0.9,146,4,120,130,15625,,
4.3.5,CEIN,1.9,133,3,90,110,10000,,
4.3.5,CEIN,2.7,130,3,70,110,8100,,
4.3.5,CEIN,3.5,153,4,180,130,24025,,
4.3.5,CEIN,3.4,129,4,190,200,38025,,
4.3.5,CEIN,3.7,98,4,290,320,93025,,
4.3.5,CEIN,2.5,111,4,110,80,9025,,
4.3.5,CEIN,2,77,3,80,90,7225,,
4.3.5,CEIN,1,30,3,100,70,7225,,
4.3.5,CEIN,1.7,45,2,80,70,5625,,
4.3.5,CEIN,2.3,43,1,40,45,1806.25,,
4.3.5,CEIN,2.3,32,2,50,45,2256.25,,
4.3.5,CEIN,3.1,54,2,75,55,4225,,
4.3.5,CEIN,3.6,54,2,60,50,3025,,
4.3.5,CEIN,3.1,44,2,50,70,3600,,
4.3.5,CEIN,3.9,31,2,30,40,1225,,
4.3.5,CEIN,3.4,4,4,250,230,57600,,
4.3.5,CEIN,2,356,3,100,50,5625,,
4.3.5,CEIN,2,332,2,40,50,2025,,
4.3.5,CEIN,2.7,332,3,60,75,4556.25,,
4.3.5,CEIN,4,296,4,190,260,50625,,
4.3.5,CEIN,2.7,309,3,100,80,8100,,
4.3.5,CEIN,1.5,310,3,80,70,5625,,
4.3.5,CEIN,2.2,270,4,120,160,19600,,
4.3.5,CEIN,3.7,270,4,160,170,27225,,
4.3.5,gram,,,,,,0,1,
4.3.5,forb,,,,,,0,1,
4.3.6,CEIN,2.2,182,4,270,280,75625,,
4.3.6,CEIN,1.2,226,2,50,55,2756.25,,
4.3.6,CEIN,2.9,251,4,230,260,60025,,
4.3.6,QUKE,3.1,283,2,30,25,756.25,,
4.3.6,QUKE,2.9,290,2,25,27,676,,
4.3.6,CEIN,4.1,304,4,115,85,10000,,
4.3.6,CEIN,2.5,208,1,12,18,225,,
4.3.6,CEIN,3.4,293,1,20,20,400,,
4.3.6,CEIN,3.5,307,4,110,140,15625,,
4.3.6,CEIN,3.3,18,4,290,240,70225,,
4.3.6,CEIN,1.1,18,1,25,25,625,,
4.3.6,CEIN,0.8,18,1,40,25,1056.25,,
4.3.6,CEIN,0.4,355,1,35,45,1600,,
4.3.6,CEIN,3.7,37,4,130,170,22500,,
4.3.6,CEIN,4.1,61,4,190,220,42025,,
4.3.6,CEIN,2.4,66,4,170,200,34225,,
4.3.6,CEIN,3.4,82,4,115,140,16256.25,,
4.3.6,CEIN,3.1,115,1,40,30,1225,,
4.3.6,CEIN,2.3,124,4,170,165,28056.25,,
4.3.6,CEIN,3.4,128,4,120,175,21756.25,,
4.3.6,CEIN,1.1,133,2,90,90,8100,,
4.3.6,forb,,,,,,0,1,
4.3.6,gram,,,,,,0,0,
4.4.1,CECO,2.3,23,1.1,3.2,2.6,8.41,1,0
4.4.1,CECO,3,65,25,40,50,2025,,
4.4.1,CECO,1.9,104,50,50,30,1600,,
4.4.1,CECO,2.9,128,95,320,180,62500,,
4.4.1,CECO,3,156,60,110,80,9025,,
4.4.1,CEPR,3.8,144,3,50,49,2450.25,,
4.4.1,CECO,3.6,175,45,105,85,9025,,
4.4.1,CECO,3.1,179,40,100,65,6806.25,,
4.4.1,CECO,1.9,170,35,80,55,4556.25,,
4.4.1,CECO,1.3,214,70,200,210,42025,,
4.4.1,CECO,3.3,232,80,180,260,48400,,
4.4.1,gram,,,,,,0,1,
4.4.1,forb,,,,,,0,1,
4.4.2,CECO,3.6,87,2,70,70,4900,,
4.4.2,CECO,4,150,2,80,70,5625,,
4.4.2,CECO,3.8,169,2,80,100,8100,,
4.4.2,CECO,1.6,250,4,220,180,40000,,
4.4.2,CECO,1,278,3,90,140,13225,,
4.4.2,CECO,2.7,290,3,139,180,25440.25,,
4.4.2,CECO,1.8,345,3,164,220,36864,,
4.4.2,gram,,,,,,0,1,
4.4.2,forbs,,,,,,0,1,
4.4.3,CECO,2,143,4,240,240,57600,,
4.4.3,CECO,1.7,295,4,331,333,110224,,
4.4.3,CECO,2.3,343,3,230,240,55225,,
4.4.3,CECO,3.2,267,3,260,90,30625,,
4.4.3,CECO,4.1,100,2,20,40,900,,
4.4.3,CECO,3.8,102,2,35,50,1806.25,,
4.4.3,CECO,3.2,108,2,20,30,625,,
4.4.3,forb,,,,,,0,1,
4.4.3,gram,,,,,,0,0,
4.4.4,CIVE,3.7,187,2,60,50,3025,,
4.4.4,CEIN,1.3,240,2,90,80,7225,,
4.4.4,RIRO,1.7,243,2,20,70,2025,,
4.4.4,CEVE,1.4,255,2,40,60,2500,,
4.4.4,CEVE,3.1,295,2,100,80,8100,,
4.4.4,PIPO,,,,,,0,,1
4.4.4,CEVE,1.3,107,2,80,100,8100,,
4.4.4,forb,,,,,,0,4,
4.4.4,gram,,,,,,0,0,
4.4.5,CECO,3.3,224,1,30,60,2025,,
4.4.5,CECO,3.4,235,2,50,45,2256.25,,
4.4.5,CECO,3.1,235,1,25,20,506.25,,
4.4.5,CECO,3.2,237,1,12,15,182.25,,
4.4.5,CECO,3.2,238,1,8,10,81,,
4.4.5,CECO,3.1,240,1,8,15,132.25,,
4.4.5,CECO,4.1,253,4,270,310,84100,,
4.4.5,CECO,3.1,262,2,70,50,3600,,
4.4.5,CECO,1.6,260,2,45,60,2756.25,,
4.4.5,CEIN,3.9,250,3,40,30,1225,,
4.4.5,CECO,3.9,286,2,60,65,3906.25,,
4.4.5,CEIN,3.8,295,2,60,30,2025,,
4.4.5,CEIN,2.1,347,2,80,85,6806.25,,
4.4.5,CEIN,1.6,23,3,90,90,8100,,
4.4.5,CEIN,2.4,35,3,120,140,16900,,
4.4.5,CECO,2.4,35,3,130,140,18225,,
4.4.5,CEIN,1.5,146,4,125,130,16256.25,,
4.4.5,CECO,3.4,168,1,70,50,3600,,
4.4.5,ARPA,3.4,205,1,6,8,49,,
4.4.5,gram,,,,,,0,1,
4.4.5,forb,,,,,,0,1,
4.4.6,CECO,2.6,195,4,370,310,115600,,
4.4.6,ARPA,3,226,2,35,60,2256.25,,
4.4.6,ARPA,2.3,226,2,40,65,2756.25,,
4.4.6,ARPA,2.7,243,2,45,60,2756.25,,
4.4.6,CECO,3,243,1,50,45,2256.25,,
4.4.6,CECO,1.7,246,2,55,90,5256.25,,
4.4.6,CECO,2.6,266,1,45,70,3306.25,,
4.4.6,ARPA,3.1,253,2,40,30,1225,,
4.4.6,CECO,2.5,303,4,220,260,57600,,
4.4.6,ARPA,2,274,2,40,35,1406.25,,
4.4.6,ARPA,0.8,324,2,65,95,6400,,
4.4.6,CEIN,1.7,323,1,25,20,506.25,,
4.4.6,ARPA,1.5,322,3,50,45,2256.25,,
4.4.6,ARPA,1.8,324,2,40,40,1600,,
4.4.6,ARPA,2.5,315,4,65,75,4900,,
4.4.6,ARPA,3,323,2,55,40,2256.25,,
4.4.6,ARPA,3.5,326,3,45,5,625,,
4.4.6,CECO,3.7,326,1,80,55,4556.25,,
4.4.6,CECO,3,327,2,70,25,2256.25,,
4.4.6,ARPA,2.5,345,1,18,12,225,,
4.4.6,CECO,2.5,345,2,55,70,3906.25,,
4.4.6,CECO,3.5,0,3,150,120,18225,,
4.4.6,ARPA,3.6,5,3,110,120,13225,,
4.4.6,ARPA,2.7,24,4,170,180,30625,,
4.4.6,ARPA,1.2,46,4,105,100,10506.25,,
4.4.6,CECO,2.7,48,4,220,220,48400,,
4.4.6,ARPA,2.9,62,4,90,75,6806.25,,
4.4.6,ARPA,1.8,106,2,45,45,2025,,
4.4.6,ARPA,3,106,2,95,50,5256.25,,
4.4.6,CECO,3.4,84,4,300,260,78400,,
4.4.6,CECO,3.6,113,3,115,110,12656.25,,
4.4.6,ARPA,2.4,116,3,40,50,2025,,
4.4.6,ARPA,3,130,2,40,45,1806.25,,
4.4.6,CECO,2.8,130,1,50,60,3025,,
4.4.6,CECO,2.9,116,1,40,25,1056.25,,
4.4.6,CECO,3.8,139,2,105,90,9506.25,,
4.4.6,CECO,3.4,152,2,105,80,8556.25,,
4.4.6,ARPA,3.8,160,3,65,90,6006.25,,
4.4.6,PSME,,,,,,0,,2
4.4.6,gram,,,,,,0,1,
4.4.6,forb,,,,,,0,0,
